Company Name,Executive First Name,Executive Last Name,Executive Gender,Executive Title,Executive Ethnicity,Address,City,State,ZIP Code,Record Type,Phone number,Website,Type of Business,Primary SIC Description,Location Sales Range,Credit Score Alpha
3-D Mktng & Sales Food Brokrs,Thomas,DE Luca,Male,Owner,Hispanic,380 Union St # 120,West Springfield,MA,1089,Verified,(413) 731-8801,NULL,Private,General Merchandise-Retail,"$500,000-1 Million",B
672 Main St LLC,Cristiane,Resende,Female,Manager,Hispanic,672 Main St,Hyannis,MA,2601,Verified,(508) 827-4631,NULL,Private,Butchering (Whls),$5-10 Million,B+
A & B Package Store,Armand,Derderian,Male,Owner,Centl & SW Asian,161 Pelham St,Methuen,MA,1844,Verified,(978) 685-2794,NULL,Private,Grocers-Wholesale,$5-10 Million,B+
A D Makepeace,Michael P,Hogan,Male,CEO,Western Europe,158 Tihonet Rd,Wareham,MA,2571,Verified,(508) 273-7439,Admakepeace.Com,Private,Cranberries (Canners-Mfrs),$10-20 Million,A
A Russo & Sons Inc,Michael A,Russo,Male,President,Mediterranean,560 Pleasant St,Watertown,MA,2472,Verified,(617) 923-1500,Russos.Com,Private,Fruits & Vegetables & Produce-Retail,$20-50 Million,A
Adega Beer & Wine Making Supls,Barry E,Ferreira,Male,CEO,Hispanic,543 High St,Somerset,MA,2726,Verified,Not Available,NULL,Private,Brewers Equipment & Supplies (Whls),$10-20 Million,B
Advantage Solutions,Michael,Harris,Male,Executive VP,Western Europe,575 West St # 2,Mansfield,MA,2048,Verified,(508) 698-5700,Advantagesolutions.Net,Private,Marketing Consultants,$10-20 Million,A+
Allston Supply Co Inc,Roger L,Cohen,Male,President,Not Available,2220 Main St,Springfield,MA,1104,Verified,(413) 739-4797,Allstonsupply.Com,Private,Janitors Equipment/Supplies (Whls),$20-50 Million,A+
Alves Grocery,Maria,Alves,Female,Owner,Hispanic,274 N Main St,Brockton,MA,2301,Verified,(508) 586-7595,NULL,Private,Grocers-Wholesale,$2.5-5 Million,B
Amaral's Linguica Co,Antonio,Rodrigues,Male,Owner,Hispanic,433 S 2nd St,New Bedford,MA,2740,Verified,(508) 993-7645,Amarals.Com,Private,Sausages,$2.5-5 Million,A
Aquamarine Inc,Vaughn V,Tamzarian,Male,President,Centl & SW Asian,10 Colonial Rd # 206,Salem,MA,1970,Verified,(603) 622-0758,NULL,Private,Seafood-Wholesale,$2.5-5 Million,B+
Araujo Farm & Greenhouses,Kenneth,Araujo,Male,President,Hispanic,1522 Williams St,Dighton,MA,2715,Verified,(508) 669-6988,NULL,Private,Greenhouses,"Less Than $500,000",B+
Arax Market,Elizabeth,Setian,Female,Owner,Centl & SW Asian,585 Mount Auburn St,Watertown,MA,2472,Verified,(617) 924-3399,NULL,Private,Grocers-Wholesale,$5-10 Million,A
Archdale Liquor Inc,Carlos,Del Valle,Male,Owner,Hispanic,3999 Washington St # A,Roslindale,MA,2131,Verified,(617) 323-8649,NULL,Private,Liquors-Retail,"$500,000-1 Million",B+
Art's International Wholesale,Art,Cabral,Male,Owner,Hispanic,104 Forge River Pkwy,Raynham,MA,2767,Verified,(508) 822-7181,NULL,Private,Bread/Other Bakery Prod-Ex Cookies,$2.5-5 Million,A
Atlantic Fish & Seafood Inc,Dick,Panderlof,Male,Vice President,Scandinavian,159 E Main St,Gloucester,MA,1930,Verified,(978) 282-7880,Afs159.Com,Private,Seafood Packers (Mfrs),$5-10 Million,A+
Atlas Distributing Inc,Joe,Salois,Male,President,Western Europe,44 Southbridge St,Auburn,MA,1501,Verified,(508) 791-6221,Atlasdistributing.Com,Private,Beverages (Whls),$100-500 Million,A
Atlas Farm,Gideon,Porgh,Male,Owner,Uncoded,635 River Rd,Deerfield,MA,1342,Verified,(413) 695-2728,NULL,Private,Farms,$1-2.5 Million,B+
Avedisian Farm & Greenhouse,Richard,Avedisian Jr,Male,Manager,Centl & SW Asian,64 Salem St,Methuen,MA,1844,Verified,(978) 686-2509,NULL,Private,Greenhouses,"Less Than $500,000",B+
Bake'n Joy Foods,Robert M,Ogan,Male,CEO,Western Europe,351 Willow St,North Andover,MA,1845,Verified,(978) 683-1414,Bakenjoy.Com,Private,Bakers-Retail,$5-10 Million,A
Base Inc,Richard,Canastara,Male,Owner,Uncoded,62 Hassey St,New Bedford,MA,2740,Verified,(508) 999-2273,Whalingcityauction.Com,Private,Seafood-Wholesale,$20-50 Million,A
Beanstock Coffee Roasters,John,Simonian,Male,Owner,Centl & SW Asian,165 Holmes Rd,Eastham,MA,2642,Verified,(508) 255-9939,Beanstockcoffee.Com,Private,Coffee Roasting (Whls),$5-10 Million,B+
Bee Well Honey Inc,Richard,Lomba,Male,President,Hispanic,54 Maquan St,Pembroke,MA,2359,Verified,Not Available,NULL,Private,Honey (Whls),$5-10 Million,B
Bernardino's Bakery,Fernando,Goncalves,Male,Owner,Hispanic,105 Exchange St,Chicopee,MA,1013,Verified,(413) 592-1944,Bernardinosbakeryinc.Com,Private,Bakers-Wholesale,$50-100 Million,A
Best Foods Inc,Garen,Bagdasarian,Male,Owner,Centl & SW Asian,705 Myles Standish Blvd # 6,Taunton,MA,2780,Verified,(508) 880-0400,Bestfoods.Com,Private,Food Products (Whls),$5-10 Million,A
Betty's Neck Farm Inc,Mike,Santos,Male,Manager,Hispanic,59 Long Point Rd,Lakeville,MA,2347,Verified,(508) 947-6469,NULL,Private,Farms,"Less Than $500,000",C+
Bevi,Chris,Roughton,Male,Vice President,Western Europe,28 Damrell St # B4,Boston,MA,2127,Verified,(617) 315-4715,Bevi.Co,Private,Beverages (Whls),$10-20 Million,B
Big Boi Meat Market,Maycan G,Alvarenga,Female,President,Hispanic,43 Chandler St,Worcester,MA,1609,Verified,(508) 304-9161,Bigboimeatmarket.Com,Private,Butchering (Whls),$5-10 Million,B
Birch Pond Farm,Adolfo,Segarra,Male,Owner,Hispanic,1709 Center St,Ludlow,MA,1056,Verified,Not Available,NULL,Private,Farms,"Less Than $500,000",C
BJ'S Wholesale Club,Diane,Mareira,Female,Site Manager,Hispanic,26 Whittier St,Framingham,MA,1701,Verified,(508) 872-2100,Bjs.Com,Private,Wholesale Clubs,$10-20 Million,A
BJ'S Wholesale Club,Steven,Florest,Male,Site Manager,Hispanic,590 Iyannough Rd # 132,Hyannis,MA,2601,Verified,(508) 872-2100,Bjs.Com,Private,Wholesale Clubs,$10-20 Million,A
BJ'S Wholesale Club,Chris,Chevere,Male,Site Manager,Hispanic,460 State Rd,North Dartmouth,MA,2747,Verified,(508) 872-2100,Bjs.Com,Private,Wholesale Clubs,$10-20 Million,A
BJ'S Wholesale Club,Susan,Seppa,Female,Site Manager,Scandinavian,6102 Shops Way,Northborough,MA,1532,Verified,(508) 872-2100,Bjs.Com,Private,Wholesale Clubs,$10-20 Million,A
BJ'S Wholesale Club,Lisa,Bires,Female,Site Manager,Eastern European,5 Ward St,Revere,MA,2151,Verified,(508) 872-2100,Bjs.Com,Private,Wholesale Clubs,$10-20 Million,A
BJ'S Wholesale Club,Krystyna,Kostka,Female,Site Manager,Eastern European,901 Technology Center Dr,Stoughton,MA,2072,Verified,(508) 872-2100,Bjs.Com,Private,Wholesale Clubs,$10-20 Million,A
Blount Fine Foods Corp,Todd,Blount,Male,CEO,Western Europe,630 Currant Rd,Fall River,MA,2720,Verified,(774) 888-1300,Blountfinefoods.Com,Private,Food Products & Manufacturers,0,A
Blue Heron Farm,Norma,Coli,Female,Owner,Hispanic,8 Warner Hill Rd # 1,Charlemont,MA,1339,Verified,(413) 339-4045,Blueheronfarm.Com,Private,Farms,"Less Than $500,000",B
Borinquen Grocery,Luis,Rojas,Male,Owner,Hispanic,269 Park St,Lawrence,MA,1841,Verified,(978) 682-2090,NULL,Private,Grocers-Retail,"$500,000-1 Million",B
Boston Baking Inc,Julee,Boschetto,Female,President,Mediterranean,101 Sprague St # 3,Hyde Park,MA,2136,Verified,(617) 364-6900,Bostonbaking.Com,Private,Bakers-Wholesale,$50-100 Million,A
Boston Beer Co,Charles J,Koch,Male,President,Western Europe,30 Germania St # 1,Jamaica Plain,MA,2130,Verified,(617) 983-9036,Bostonbeer.Com,Branch of Public Company,Beer & Ale-Retail,$1-2.5 Million,B+
Boston Beer Co Inc,David A,Burwick,Male,CEO,Western Europe,1 Design Center Pl # 850,Boston,MA,2210,Verified,(617) 368-5000,Bostonbeer.Com,Public,Brewers (Mfrs),0,A+
Boston Showcase Co,Alan M,Starr,Male,President,Not Available,66 Winchester St,Newton Highlands,MA,2461,Verified,(617) 965-1100,Bostonshowcase.Com,Private,Furniture & Fixtures NEC (Mfrs),$5-10 Million,A+
Bowdoin Food Corp,Edwin,Polanco,Male,President,Hispanic,217 Bowdoin St,Dorchester,MA,2122,Verified,(617) 282-0760,NULL,Private,Convenience Stores,"Less Than $500,000",C+
Brookfield Orchard Inc,Louise W,Woodard,Female,President,Western Europe,12 Lincoln Rd,North Brookfield,MA,1535,Verified,(508) 867-6858,Brookfieldorchardsonline.Com,Private,Orchards,"Less Than $500,000",A
Bunzl Distribution,Jim,Mc Cool,Male,Vice President,Western Europe,180 Shrewsbury St,West Boylston,MA,1583,Verified,(508) 835-6021,Bunzldistribution.Com,Private,Paper-Manufacturers,$20-50 Million,A+
Cambridge Farms,Ken,Gad,Male,President,Middle Eastern,24 Norfolk Ave # C,South Easton,MA,2375,Verified,(508) 297-2630,Cambridgefarms.Wordpress.Com,Private,Fruits & Vegetables & Produce-Retail,"$500,000-1 Million",B
Cambridge Packing Co,Bruce,Rodman,Male,President,Western Europe,41 Food Mart Rd,Boston,MA,2118,Verified,(617) 464-6000,NULL,Private,Meat-Wholesale,$100-500 Million,A+
Canadian Fish Exporters,Robert,Metafora,Male,Owner,Uncoded,134 Rumford Ave # 202,Auburndale,MA,2466,Verified,(617) 916-0900,Cfeboston.Com,Private,Seafood-Wholesale,$10-20 Million,A
Carlos Seafood,Carlos,Rafael,Male,Owner,Hispanic,350 S Front St,New Bedford,MA,2740,Verified,(508) 997-8971,NULL,Branch of Public Company,Seafood-Wholesale,$2.5-5 Million,B+
Cavicchio Greenhouses Inc,Paul,Cavicchio,Male,President,Mediterranean,110 Codjer Ln,Sudbury,MA,1776,Verified,(978) 443-7177,Cavicchio.Com,Private,Greenhouses,$1-2.5 Million,A
Central Bakery Inc,Michael,Vital,Male,Owner,Hispanic,732 Cambridge St,Cambridge,MA,2141,Verified,(617) 547-2237,NULL,Branch of Public Company,Bakers-Retail,$1-2.5 Million,A
Central St Gardens,Kevin,Prado,Male,Owner,Hispanic,1449 Central St,Leominster,MA,1453,Verified,(978) 840-4688,NULL,Private,Greenhouses,"Less Than $500,000",B
Challenge Unlimited Inc,Mary E,O'Brien,Female,CEO,Western Europe,450 Lowell St,Andover,MA,1810,Verified,(978) 475-4056,Ironstonefarm.Org,Private,Physical Therapists,"$500,000-1 Million",A
Channel Fish Co Inc,Louis A,Silvestro,Male,President,Hispanic,370 E Eagle St,Boston,MA,2128,Verified,(617) 569-3200,Channelfishco.Com,Private,Restaurants,"$500,000-1 Million",B
Channel Fish Processing Co Inc,Roy T,Zaffiro,Male,CEO,Mediterranean,200 Commerce Dr,Braintree,MA,2184,Verified,(617) 464-3366,Channelfish.Com,Private,Prepared Fish & Seafood Products (Mfrs),$10-20 Million,A+
Chex Finer Foods Inc,Jeremy S,Isenberg,Male,President,Western Europe,71 Hampden Rd # 100,Mansfield,MA,2048,Verified,(508) 226-0660,Chexfoods.Com,Private,Distributor-Groceries (Whls),$50-100 Million,A
Chicopee Auto Farm,Dwayne,Pafumi,Male,President,African American,980 E Main St,Chicopee,MA,1020,Verified,(413) 594-9376,Chicopeeautofarm.Org,Private,Farms,"Less Than $500,000",C+
Coca-Cola Bottling Co-Northern,Nick,Martin,Male,Director,Western Europe,160 Industrial Ave E,Lowell,MA,1852,Verified,(978) 459-9378,Ccnne.Com,Private,Bottlers (Mfrs),$20-50 Million,A+
Coimbra Imports Co,Antonio,Seabra,Male,President,Hispanic,39 Brook St,New Bedford,MA,2746,Verified,(508) 717-0618,Aidilwines.Com,Private,Importers (Whls),$10-20 Million,A
Colonial Wholesale Beverage,John R,Vincent,Male,CEO,Western Europe,970 Old Reed Rd,North Dartmouth,MA,2747,Verified,(508) 999-2337,Colonialbeverage.Com,Private,Alcohol (Whls),$100-500 Million,A
Commercial Distributing Co Inc,Mark,Placek,Male,President,Eastern European,46 S Broad St,Westfield,MA,1085,Verified,(413) 562-9691,Commercialdist.Com,Private,Distribution Services,$10-20 Million,A
Concord Foods LLC,Peter,Neville,Male,CEO,Western Europe,10 Minuteman Way,Brockton,MA,2301,Verified,(508) 580-1700,Concordfoods.Com,Private,Food Preparations NEC (Mfrs),0,A+
Continental Bakery Inc,Antonio,Abilheira,Male,Owner,Hispanic,26 Foster St,Peabody,MA,1960,Verified,(978) 532-0558,NULL,Private,Bakers-Wholesale,$1-2.5 Million,C+
Core-Mark International Inc,David,Pelletier,Male,Director,Western Europe,355 Main St # 1,Whitinsville,MA,1588,Verified,(508) 234-9000,Core-Mark.Com,Private,Groceries & Related Products NEC (Whls),$100-500 Million,A+
Corner Mini Market,Ivan,Quiroz,Male,Manager,Hispanic,515 Bennington St,Boston,MA,2128,Verified,(617) 418-7896,NULL,Private,Food Products (Whls),$2.5-5 Million,B
Costa & Sons Livestock & Sales,Richard,Costa,Male,Owner,Hispanic,197 New Boston Rd,Fairhaven,MA,2719,Verified,(508) 993-0661,NULL,Private,Livestock Auction Markets (Whls),$5-10 Million,B+
Costa Fruit & Produce,Daniel,Arredondo,Male,CEO,Hispanic,18 Bunker Hill Industrial Park,Charlestown,MA,2129,Verified,(617) 241-8007,Freshideas.Com,Private,Fruits & Vegetables-Wholesale,$100-500 Million,A+
Costas Provisions,George,Deligiannides,Male,President,Mediterranean,255 Southampton St,Boston,MA,2118,Verified,(617) 427-0900,Costasprovisions.Com,Private,Food Service-Distributors (Whls),$100-500 Million,A
Courthouse Fish Market,Joseph,Damaso,Male,Owner,Hispanic,484 Cambridge St,Cambridge,MA,2141,Verified,(617) 876-6716,Courthouseseafood.Com,Private,Restaurants,"Less Than $500,000",C+
Crossmark,Mark,Bardwell,Male,Vice President,Western Europe,411 Waverley Oaks Rd # 330,Waltham,MA,2452,Verified,(781) 314-7100,NULL,Private,Food Brokers (Whls),$50-100 Million,A+
Curate Food Svc,Matt,Ferro,Male,CEO,Mediterranean,100 Willow St # 2,North Andover,MA,1845,Verified,(978) 989-0012,Checkout.Na3.Netsuite.Com,Private,Food Products (Whls),$10-20 Million,A
Daman Distributing Inc,Edward P,Milan Jr,Male,Owner,Hispanic,84 Newmarket Sq,Boston,MA,2118,Verified,(617) 442-8834,NULL,Private,Meat-Wholesale,$10-20 Million,A
Dargonian Brothers Farms Inc,Thomas,Dargonian,Male,President,Uncoded,42 Blanchard St,Andover,MA,1810,Verified,(978) 475-3181,Andover-Realestate.Com,Private,Farms,"$500,000-1 Million",B+
Dean Foods,Kevin,Beagan,Male,Director,Western Europe,1199 W Central St,Franklin,MA,2038,Verified,(214) 721-7766,Deanfoods.Com,Private,Dairy Farms,"$500,000-1 Million",B+
Dedham Line Liquor Inc,Bruck,Habtemariam,Male,Owner,African American,5211 Washington St,West Roxbury,MA,2132,Verified,(617) 469-9160,NULL,Private,Beer & Ale-Retail,"$500,000-1 Million",B+
Del Monte Fresh Produce Co,James,Figueiredo,Male,Regional Mgr,Hispanic,105 Shawmut Rd,Canton,MA,2021,Verified,(781) 830-2525,Freshdelmonte.Com,Private,Fruits & Vegetables-Wholesale,$20-50 Million,A+
Diallo's Halal Meat & Grocery,Boubacar,Diallo,Male,Owner,African American,11 Erie St,Dorchester,MA,2121,Verified,(617) 287-9991,NULL,Private,Meat-Retail,"Less Than $500,000",C
Diamond Gourmet,Marcel,Rodrigues,Male,Director,Western Europe,1274 Main St,Brockton,MA,2301,Verified,(508) 857-0706,NULL,Private,Gourmet Shops,"Less Than $500,000",C
Dianne's Fine Desserts,Mike,Knowles,Male,CEO,Western Europe,4 Graf Rd,Newburyport,MA,1950,Verified,(978) 462-3248,Diannesfinedesserts.Com,Private,Ice Cream & Frozen Desserts-Distr (Whls),0,A+
Dimitria Delights Baking Co,John,Colorio,Male,President,Hispanic,81 Creeper Hill Rd,North Grafton,MA,1536,Verified,(508) 839-1638,Dimitriadelights.Com,Private,Bakers-Wholesale,$50-100 Million,A
Dlg Inc Finishing Touch,David,Gilberto,Male,Owner,Hispanic,45 Saning Rd,North Weymouth,MA,2191,Verified,(781) 335-6567,NULL,Private,General Farms-Primarily Crop,"Less Than $500,000",C
Eastern Fisheries,Roy,Enoksen,Male,President,Scandinavian,200 Herman Melville Blvd,New Bedford,MA,2740,Verified,(508) 993-5300,Easternfisheries.Com,Private,Fishery Consultants,"Less Than $500,000",B+
Eastern Fisheries Inc,Roy,Enoksen,Male,Owner,Scandinavian,14 Hervey Tichon Ave,New Bedford,MA,2740,Verified,(508) 993-5300,Easternfisheries.Com,Private,Seafood-Wholesale,$10-20 Million,A
Edgewood Shop,Matthew,Rodes,Male,Owner,Hispanic,73 Tremont St,Carver,MA,2330,Verified,(508) 866-1149,Edgewoodbogs.Com,Private,Cranberries (Canners-Mfrs),$1-2.5 Million,B
Edible Arrangements,David,Kingston,Male,Site Manager,Western Europe,679 Washington St # 5,South Attleboro,MA,2703,Verified,(508) 399-6111,Ediblearrangements.Com,Private,Fruit Baskets-Gift,"$500,000-1 Million",B+
El Recreo Coffee & Roasterie,Miriam,Morales,Female,Owner,Hispanic,1876 Centre St,West Roxbury,MA,2132,Verified,(617) 553-2379,Elrecreoestatecoffee.Com,Private,Coffee Shops,"$500,000-1 Million",C+
Elite Turf Care,Anthony,Moreira,Male,Owner,Hispanic,125 John Dee Rd,Sterling,MA,1564,Verified,(978) 537-4912,Eturfcare.Com,Private,Turf,"Less Than $500,000",C+
Enomass,Nicole,Luz,Female,Administrator,Hispanic,200 Tosca Dr,Stoughton,MA,2072,Verified,(781) 297-7331,NULL,Private,Wines-Wholesale,$5-10 Million,B+
Enterprises LLC Songline,Dee,Mares,Female,Partner,Hispanic,350 E Hill Rd,Bernardston,MA,1337,Verified,(413) 772-0700,Allaboutemu.Com,Private,Farms,"Less Than $500,000",C+
Faith N Hope Farms Inc,Aleander,Opoku,Male,Owner,African American,196 Lincoln St # 4,Worcester,MA,1605,Verified,(508) 752-1956,NULL,Private,Farms,"Less Than $500,000",C+
Falmouth Fish Market,David,Shahzade,Male,Owner,Centl & SW Asian,157 Teaticket Hwy,Teaticket,MA,2536,Verified,(508) 540-0045,Freshfishcapecod.Com,Branch of Public Company,Restaurants,"Less Than $500,000",B+
FAMOUSFOODS.COM,Carl,Ribeiro,Male,Owner,Hispanic,376 Nash Rd,New Bedford,MA,2746,Verified,(508) 993-9976,Famousfoods.Com,Private,Food Products (Whls),$20-50 Million,A
Fantini Baking Co Inc,Robert A,Fantini,Male,President,Mediterranean,375 Washington St,Haverhill,MA,1832,Verified,(978) 373-1273,Fantinibakery.Com,Private,Bakers-Wholesale,$100-500 Million,A
Farm School,Patrick,Connors,Male,President,Western Europe,488 Moore Hill Rd,Athol,MA,1331,Verified,(978) 249-9944,Farmschool.Org,Private,Schools,0,I
Federal Furnace Cranberry Co,Danielle,Justo,Female,Other,Hispanic,104 Tremont St,Carver,MA,2330,Verified,(508) 465-0575,NULL,Private,Fruits & Vegetables & Produce-Retail,$5-10 Million,B+
Fernandes Cousin,Palo,Fernandes,Male,Owner,Hispanic,1150 Blue Hill Ave,Dorchester Center,MA,2124,Verified,(617) 822-1662,NULL,Private,Convenience Stores,$10-20 Million,B
Fleet Fisheries Inc,Lars,Jerud,Male,Owner,Scandinavian,20 Blackmer St,New Bedford,MA,2744,Verified,(508) 996-3742,Fleetfisheries.Com,Private,Seafood-Wholesale,$10-20 Million,A
Foodsource Plus,David,Lavanchy,Male,CEO,Uncoded,1547 Fall River Ave # 16,Seekonk,MA,2771,Verified,(508) 336-6615,Foodandsupplysource.Com,Private,Food Products (Whls),$20-50 Million,A
Fresca Pizza & Pasta Inc,Marcos,Santana,Male,Owner,Hispanic,50 Atlantic Ave,Marblehead,MA,1945,Verified,(781) 990-1968,Frescapizzaandpasta.Com,Private,Pizza,"Less Than $500,000",C
Fresh Catch,Christopher,Day,Male,Corp Comms,Western Europe,463 E Washington St,North Attleboro,MA,2760,Verified,(508) 695-7087,Freshcatchnorth.Com,Private,Seafood-Retail,$2.5-5 Million,A
Fresh Catch Restaurant,William F,Sarro,Male,President,Hispanic,30 Chauncy St # 4,Mansfield,MA,2048,Verified,(774) 284-4237,NULL,Private,Restaurants,$2.5-5 Million,A
Gaspar's Linguica Co Inc,Charles R,Gaspar,Male,President,Hispanic,384 Faunce Corner Rd,North Dartmouth,MA,2747,Verified,(508) 998-2012,Gasparssausage.Com,Private,Sausages,$5-10 Million,A
George's Bakery Products Inc,George C,Silvestro,Male,President,Hispanic,25 Hall St,Medford,MA,2155,Verified,(781) 395-7873,NULL,Private,Bakers-Retail,"Less Than $500,000",B+
George's Bakery Products-Cape,George,Silvestro,Male,Owner,Hispanic,30 Suffolk Ave,West Yarmouth,MA,2673,Verified,(508) 760-3370,NULL,Private,Bakers-Wholesale,$1-2.5 Million,C+
Gigis Liquors LLC,Theresa,Barros,Female,Owner,Hispanic,144 Harvard St,Dorchester,MA,2124,Verified,(617) 822-7550,NULL,Private,Liquors-Retail,"$500,000-1 Million",B
Ginseng Up Corp,Keith,Whitestone,Male,President,Western Europe,16 Plum St,Worcester,MA,1604,Verified,(508) 799-6178,Ginsengup.Com,Private,Soft Drink Products-Manufacturers,$1-2.5 Million,B+
Growing Places Gdn Project Inc,Joanne C,Foster,Female,CEO,Western Europe,325 Lindell Ave,Leominster,MA,1453,Verified,(978) 598-3723,Growingplaces.Org,Private,Lawn & Grounds Maintenance,"Less Than $500,000",B
Hans Kissle Co,Ken,Venti,Male,President,Mediterranean,9 Creek Brook Dr,Haverhill,MA,1832,Verified,(978) 556-4500,NULL,Public,Food Products (Whls),$100-500 Million,A+
Harbar LLC,Ezequiel,Montemayor,Male,Owner,Hispanic,320 Turnpike St,Canton,MA,2021,Verified,(781) 828-0848,Harbar.Com,Branch of Public Company,Food Products (Whls),$100-500 Million,A+
Harvester Seafood,Daniel,Carvalho,Male,Owner,Hispanic,25 Perry Ave,Buzzards Bay,MA,2532,Verified,(508) 759-7295,NULL,Private,Seafood-Wholesale,$2.5-5 Million,B
Hassey's Grocery,Laure,Bourouphael,Female,Owner,African American,235 East St,Methuen,MA,1844,Verified,(978) 686-6096,NULL,Private,Grocers-Retail,"Less Than $500,000",C+
High Quality Seafoods,Leonel,Perez,Male,Owner,Hispanic,339 Northern Ave,Boston,MA,2210,Verified,(617) 443-4063,NULL,Private,Restaurants,"$500,000-1 Million",B
High Quality Seafoods,Leonel,Perez,Male,Owner,Hispanic,55 Food Mart Rd,Boston,MA,2118,Verified,(617) 443-4063,NULL,Private,Restaurants,"$500,000-1 Million",B
Holiday Bakery,Lucia,Raposo,Female,Owner,Hispanic,2153 Acushnet Ave,New Bedford,MA,2745,Verified,(508) 995-0012,NULL,Private,Bakers-Wholesale,$5-10 Million,B+
Horizon Milling Co,Marian,DE Gregorio,Female,Administrator,Hispanic,35 Nemco Way,Ayer,MA,1432,Verified,(978) 772-6337,Horizonmilling.Com,Private,Milling (Mfrs),$100-500 Million,A
Hormel Foods,Mike,Bell,Male,Manager,Western Europe,500 Franklin Village Dr # 205,Franklin,MA,2038,Verified,(508) 541-7178,Hormelfoods.Com,Private,Food Products & Manufacturers,$5-10 Million,A+
HP Hood LLC,John A,Kaneb,Male,CEO,Uncoded,6 Kimball Ln # 400,Lynnfield,MA,1940,Verified,(617) 887-3000,Hphood.Com,Private,Dairy Products-Retail,0,A+
Hutcheon's Flower,Joann,Fernandez,Female,Owner,Hispanic,84 Hancock St,Abington,MA,2351,Verified,(781) 878-2909,NULL,Private,Florists-Retail,"Less Than $500,000",C+
Iberia Foods Corp,Varant,Minassian,Male,General Mgr,Centl & SW Asian,21 Wilbraham St # B7,Palmer,MA,1069,Verified,(413) 289-9809,Iberiafoods.Com,Private,Food Products (Whls),$50-100 Million,A
Indigo AG Inc,Ron,Hovsepian,Male,CEO,Centl & SW Asian,500 Rutherford Ave # 201,Charlestown,MA,2129,Verified,(617) 588-0653,Indigoag.Com,Private,Agricultural Products,0,B
International Grocery,Ivanilda D,Fernandes,Female,President,Hispanic,173 Appleton St,Lowell,MA,1852,Verified,(978) 453-5800,NULL,Private,Butchering (Whls),$2.5-5 Million,B+
IQF Custom Packing Inc,Russell,Young,Male,Owner,Western Europe,140 Waldron Rd,Fall River,MA,2720,Verified,(508) 646-0405,Iqfcustompacking.Com,Private,Frozen Foods-Wholesale,$50-100 Million,A+
J Moniz Co Inc,John,Moniz,Male,Owner,Hispanic,91 Wordell St,Fall River,MA,2721,Verified,(508) 674-8451,Jmoniz.Com,Private,Food Products (Whls),$5-10 Million,A
J Polep Distribution Svc,Jeffrey,Polep,Male,Owner,Uncoded,705 Meadow St,Chicopee,MA,1013,Verified,(413) 592-4141,Jpolep.Com,Private,Candy & Confectionery-Wholesale,$100-500 Million,A+
Jacquelines Gourmet Cookies,Tom,Hallman,Male,Regional Mgr,Western Europe,96 Swampscott Rd # 1,Salem,MA,1970,Verified,(978) 744-8600,Jacquelinesbakery.Com,Private,Cookies & Crackers,"Less Than $500,000",B
Jetro Cash & Carry Mgmt Ofc,Andres,Cubero,Male,Manager,Hispanic,5 Mill St,Northborough,MA,1532,Verified,(508) 393-4975,Jetro.Com,Private,Management Services,"$500,000-1 Million",B
John Accardi & Sons Inc,Ralph,Rozelle,Male,Director,Western Europe,85 Commercial St,Medford,MA,2155,Verified,(781) 391-2400,NULL,Private,Grocers-Wholesale,$50-100 Million,A+
John De Francesco & Sons,John,DE Francesco,Male,Owner,Hispanic,53 Mason St,Salem,MA,1970,Verified,(978) 744-3863,NULL,Private,Fruits & Vegetables-Wholesale,$5-10 Million,A
Johnson's Food Products,John,Anton,Male,President,Hispanic,1 Mount Vernon St,Dorchester,MA,2125,Verified,(617) 265-3400,NULL,Private,Bakers Supplies (Whls),$5-10 Million,A
Jw Lopes LLC,J W,Lopes,Male,Manager,Hispanic,128 Carter St,Chelsea,MA,2150,Verified,(617) 884-5150,NULL,Private,Fruits & Vegetables-Wholesale,$20-50 Million,A
Keith Farms,Keith,Santos,Male,Owner,Hispanic,1149 Main St,Acushnet,MA,2743,Verified,(508) 763-2622,Keiths-Farm.Com,Public,Farms,"Less Than $500,000",C+
Ketonen Clark Farm & Feeds,Leroy,Clark,Male,Owner,African American,199 Glenwood Rd,Rutland,MA,1543,Verified,(508) 886-2952,NULL,Private,Grain-Dealers (Whls),$5-10 Million,B
Keurig Dr Pepper Inc,Robert J,Gamgort,Male,CEO,Western Europe,53 South Ave,Burlington,MA,1803,Verified,(972) 673-7000,Keurigdrpepper.Com,Private,Beverages (Whls),0,A+
Kimberly-Clark,Bob,Gilbertson,Male,Partner,Western Europe,2 Hampshire St # 103,Foxboro,MA,2035,Verified,(508) 520-1328,Kimberly-Clark.Com,Private,Sanitary Paper Products (Mfrs),$2.5-5 Million,A
Kimberry Farms Corp,Paul M,Rodrigues,Male,President,Hispanic,20 Gate St,Carver,MA,2330,Verified,Not Available,NULL,Private,Farms,"Less Than $500,000",C
Konjoian's Greenhouses Inc,Michael,Konjoian,Male,Owner,Centl & SW Asian,221 Chandler Rd,Andover,MA,1810,Verified,(978) 375-9303,Konjoiansgreenhouses.Com,Private,Landscape Contractors,"$500,000-1 Million",B
LA Colmenita De Las Americas,Ivette,Montes,Female,Manager,Hispanic,175 William F Mcclellan Hwy #2,East Boston,MA,2128,Verified,(617) 568-2512,NULL,Private,Food Brokers (Whls),$10-20 Million,B+
LA Fruteria Supermarket & WHLS,Marisol,Reyes,Female,Owner,Hispanic,75 Manchester St,Lawrence,MA,1841,Verified,(978) 681-9977,Lafruteria.Net,Private,Grocers-Retail,"$500,000-1 Million",B
Ladybug Florist,Mary,Tolic,Female,Owner,Uncoded,340 Main St # 1,Oxford,MA,1540,Verified,(508) 987-2550,Ladybug-Florist.Com,Private,Florists-Retail,"Less Than $500,000",C+
Latino Food Distributors Inc,Michael,Vallides,Male,Owner,Mediterranean,90 Avocado St,Springfield,MA,1104,Verified,(413) 382-0024,Latinofooddistributors.Com,Private,Food Products & Manufacturers,$1-2.5 Million,B
Lightlife Foods Inc,William,Russell,Male,Vice President,Western Europe,153 Industrial Blvd,Turners Falls,MA,1376,Verified,(413) 774-9000,Lightlife.Com,Private,Food Products (Whls),0,A+
Liquid Ice,Al,Delre,Male,President,Mediterranean,100 Otis St # 2,Northborough,MA,1532,Verified,(508) 393-4499,Liquidice.Net,Private,Ice Chests (Mfrs),$2.5-5 Million,A
Liquid Ice Frozen Beverage,Al,Del Re,Male,President,Hispanic,6 Kidder Rd,Chelmsford,MA,1824,Verified,(508) 393-4499,Liquidiceusa.Com,Private,Beverages-Manufacturers,$5-10 Million,B+
Lisbon Sausage Co Inc,Antonio,Rodrigues,Male,President,Hispanic,433 S 2nd St,New Bedford,MA,2740,Verified,(508) 993-7645,NULL,Private,Food Products (Whls),$50-100 Million,A+
Lisbon Seafood Co,Victor,Da Silva,Male,Owner,Hispanic,1428 S Main St,Fall River,MA,2724,Verified,(508) 672-3617,Shack.Com,Private,Prepared Fish & Seafood Products (Mfrs),$5-10 Million,A
Lobster Pool,Tom,Tedeskco,Male,Owner,Uncoded,175 Bridge Rd # 2,Salisbury,MA,1952,Verified,(978) 309-8434,Thelobsterpool.Com,Private,Restaurants,$1-2.5 Million,B+
Lord Jeff's Beef Place,Solomon,Subarro,Male,President,African American,129 Newmarket Sq,Boston,MA,2118,Verified,(617) 445-7000,NULL,Private,Grocers-Retail,"$500,000-1 Million",B
Los Amigos Market,Felix,Marte,Male,President,Hispanic,232 High St,Lowell,MA,1852,Verified,(978) 459-8374,NULL,Private,Grocers-Wholesale,$2.5-5 Million,B
Louie's Seafood,Louie,Andrade,Male,Owner,Hispanic,31 Wildmere Ave,Burlington,MA,1803,Verified,(781) 229-7948,NULL,Private,Seafood-Wholesale,$1-2.5 Million,C+
Luis Deli Grocery,Luis R,Carrasco Nunez,Male,President,Hispanic,74 Eastern Ave,Springfield,MA,1109,Verified,(413) 285-7094,NULL,Private,Grocers-Retail,"Less Than $500,000",C
Lusitano Food Products,Manuel,Fernandes,Male,President,Hispanic,44 Coffin Ave,New Bedford,MA,2746,Verified,(508) 997-1990,Lusitanofoods.Com,Private,Food Products & Manufacturers,"$500,000-1 Million",C
Luzo Maxi-Market,Carl,Ribeiro,Male,Owner,Hispanic,376 Nash Rd,New Bedford,MA,2746,Verified,(508) 999-1771,Luzo.Com,Private,Grocers-Wholesale,$5-10 Million,B+
Mar-Lees Seafood Inc,John,Lees Jr,Male,CEO,Western Europe,110 Herman Melville Blvd,New Bedford,MA,2740,Verified,(508) 991-6026,Marlees.Com,Private,Seafood-Wholesale,$50-100 Million,A+
Marcella Market,Domingo A,Pujol,Male,President,Hispanic,80 Marcella St,Roxbury,MA,2119,Verified,(617) 238-7018,NULL,Private,Grocers-Retail,"Less Than $500,000",C+
Marder Trawling,Jose,Morales,Male,Manager,Hispanic,28 Union St,New Bedford,MA,2740,Verified,(508) 991-3245,Marderseafood.Com,Private,Guide Service,"Less Than $500,000",C
Marimed Inc,Robert,Fireman,Male,CEO,Western Europe,10 Oceana Way,Norwood,MA,2062,Verified,(617) 795-5140,Marimedinc.Com,Private,Internet Service,0,A
Martignetti Co,Carl,Martignetti,Male,President,Mediterranean,500 John Hancock Rd,Taunton,MA,2780,Verified,(781) 278-2000,Martignetti.Com,Private,Wines-Wholesale,0,A
Martin International Corp,Richard,Martin,Male,Owner,Western Europe,7 Fid Kennedy Ave # 2,Boston,MA,2210,Verified,(617) 330-1202,Blackpearlseafood.Com,Private,Seafood-Wholesale,$5-10 Million,B+
Martinez Seafood Inc,Teodoro,Martinez,Male,President,Hispanic,212 Northern Ave,Boston,MA,2210,Verified,(857) 350-3483,NULL,Private,Seafood-Wholesale,$2.5-5 Million,B
Marvin Grain & Hardware Co Inc,Andrew,Medeiros,Male,Owner,Hispanic,31 Cove Rd,South Dartmouth,MA,2748,Verified,(508) 993-7672,NULL,Private,Pet Supplies & Foods-Retail,"$500,000-1 Million",B
Massachusetts Urban Farming,Peter,Ungar,Male,President,Western Europe,14 Tyler St,Somerville,MA,2143,Verified,Not Available,NULL,Private,General Farms-Primarily Crop,"Less Than $500,000",C
Mathews Salad House,David,Matteosian,Male,President,Centl & SW Asian,521 Medford St,Charlestown,MA,2129,Verified,(617) 242-1770,NULL,Private,Groceries & Related Products NEC (Whls),$10-20 Million,B+
Max Brenner,David,Jimenez,Male,General Mgr,Hispanic,745 Boylston St # 2,Boston,MA,2116,Verified,(857) 284-7034,Maxbrenner.Com,Private,Restaurants,"$500,000-1 Million",B
Mazzarellis Bakery Inc,Jack,Rush,Male,Owner,Western Europe,229 Central St,Milford,MA,1757,Verified,(508) 473-1175,Mazzarellisbakery.Com,Private,Bakers-Wholesale,$20-50 Million,A
Medeiros Appliance,Eric,Medeiros,Male,Owner,Hispanic,11c Evelyn Way,Vineyard Haven,MA,2568,Verified,(508) 693-4270,NULL,Private,Appraisers,"Less Than $500,000",C
Melissa World Variety Produce,Jimmy,Hernandez,Male,Manager,Hispanic,PO Box 1003,Ashfield,MA,1330,Verified,(323) 588-0151,Melissas.Com,Private,Fruits & Vegetables-Wholesale,$5-10 Million,B+
Merrimack Valley Food Bank,James P,Good,Male,President,Western Europe,735 Broadway St,Lowell,MA,1854,Verified,(978) 454-7272,Mvfb.Org,Private,Social Service & Welfare Organizations,"Less Than $500,000",I
MF Foley Co Inc,Peter,Ramsden,Male,CEO,Western Europe,24 W Howell St,Dorchester,MA,2125,Verified,(617) 288-1300,Foleyfish.Com,Private,Seafood-Wholesale,$50-100 Million,A+
Michael Global Wines Inc,Domenic,Mercurio,Male,Director,Hispanic,321 Central St # 2,Hudson,MA,1749,Verified,(508) 872-1942,Globalwinesinc.Com,Private,Wine Brokers (Whls),$5-10 Million,B
Middle East Bakery Inc,Joe,Boghos,Male,President,Mediterranean,30 International Way,Lawrence,MA,1843,Verified,(978) 688-2221,Josephsbakery.Com,Private,Bakers-Wholesale,$50-100 Million,A
Middlesex County Beekeepers,Richard H,Ressijac,Male,Owner,Uncoded,74 Spring St,Lexington,MA,2421,Verified,Not Available,NULL,Private,Beekeepers,"Less Than $500,000",C
Millennium Pizza,Tony,Jorge,Male,Owner,Hispanic,287 Broadway,Fall River,MA,2721,Verified,(508) 889-9307,NULL,Private,Food Products (Whls),$2.5-5 Million,B+
Minuteman Trading Co,James,Sobalvarro,Male,Owner,Hispanic,206 Boxford Rd,Haverhill,MA,1835,Verified,(978) 374-0666,NULL,Private,Fruits & Vegetables-Wholesale,$1-2.5 Million,C+
Mnc Farms,Makayla,Costa,Female,Owner,Hispanic,150 W Center St,West Bridgewater,MA,2379,Verified,(774) 381-7495,NULL,Private,Farms,0,B
Molina Provisions,Efrain,Molina,Male,Owner,Hispanic,63 Food Mart Rd,Boston,MA,2118,Verified,(617) 269-0415,NULL,Private,Food Products (Whls),$10-20 Million,B+
Monsoon Kitchens,Swati T,Elavia,Female,President,Uncoded,159 Memorial Dr # G,Shrewsbury,MA,1545,Verified,(508) 842-0070,NULL,Private,Kitchen Remodeling & Planning Svc,$1-2.5 Million,C+
Monte Pio Luzo Americano Corp,Helder F,Almeida,Male,President,Hispanic,540 Orchard St,New Bedford,MA,2744,Verified,(508) 994-0196,NULL,Private,Liquors-Wholesale,$1-2.5 Million,C+
Morgado Landscape & Nursery Co,Paul,Morgado,Male,Owner,Hispanic,525 Russells Mills Rd,Dartmouth,MA,2748,Verified,(508) 997-5637,NULL,Private,Solariums Sunrooms & Atriums,$5-10 Million,B+
Muffin Town Aesops Bagels,Jack,Anderson,Male,CEO,Scandinavian,130 Crescent Ave,Chelsea,MA,2150,Verified,(617) 846-1565,Muffintown.Net,Private,Bagels,$5-10 Million,A
Nebula Foods Inc,Carlos,Vassal,Male,Owner,Hispanic,50 Hassey St,New Bedford,MA,2740,Verified,(508) 999-6274,NULL,Private,Exporters (Whls),$10-20 Million,A
New Bedford Crab Co,David,Soares,Male,Owner,Hispanic,6 Hassey St,New Bedford,MA,2740,Verified,(508) 999-1114,NULL,Branch of Public Company,Food Products (Whls),$2.5-5 Million,C+
New England Business Assoc,Jeannine,Pavlak,Female,CEO,Eastern European,66 Industry Ave # 11,Springfield,MA,1104,Verified,(413) 821-9200,Nebaworks.Com,Branch of Public Company,Employment Agencies & Opportunities,$2.5-5 Million,A
New England Central Bakery,Marlon,Magalhaes,Male,President,Hispanic,1140 Washington St,Norwood,MA,2062,Verified,(781) 352-2669,NULL,Private,Bakers-Wholesale,$20-50 Million,B+
New England Ice Cream,Bruce C,Ginsberg,Male,CEO,Not Available,222 Mansfield Ave,Norton,MA,2766,Verified,(774) 961-2000,Newenglandicecream.Com,Private,Ice Cream & Frozen Desserts-Distr (Whls),$50-100 Million,A
New England Small Farm Inst,Judith F,Gillan,Female,President,Western Europe,275 Jackson St,Belchertown,MA,1007,Verified,(413) 323-4531,Smallfarm.Org,Private,Non-Profit Organizations,0,B+
Newbury Street Supermarket Inc,Bienvenido,Terrero Morel,Male,Board Member,Hispanic,169 Newbury St,Lawrence,MA,1841,Verified,(978) 655-3068,NULL,Private,Grocers-Retail,"$500,000-1 Million",C
Newpro,Nicholas,Cogliani,Male,President,Mediterranean,26 Cedar St,Woburn,MA,1801,Verified,(781) 933-4100,Newpro.Com,Private,Windows,$20-50 Million,A+
Nexdine,John,Moody,Male,Vice President,Western Europe,905b S Main St # 203,Mansfield,MA,2048,Verified,(978) 674-8464,Nexdine.Com,Private,Food Service-Management,"$500,000-1 Million",C+
Norfisk Co Seafood,Bob,Abreu,Male,Manager,Hispanic,41 Hill St,Norton,MA,2766,Verified,(508) 979-8900,NULL,Branch of Public Company,Seafood-Wholesale,$1-2.5 Million,C+
Northcoast Seafood,Jim,Ohara,Male,Director,Western Europe,5 Drydock Ave,Boston,MA,2210,Verified,(617) 345-4415,Northcoastseafoods.Com,Private,Seafood-Wholesale,$100-500 Million,A+
Norwell Farms Csa Inc,Niccole,Bartley,Female,President,Western Europe,4 Jacobs Ln,Norwell,MA,2061,Verified,Not Available,NULL,Private,Farms,"Less Than $500,000",C+
Ocean Spray Cranberries Inc,Bobby J,Chacko,Male,CEO,South Asian,1 Ocean Spray Dr,Middleboro,MA,2349,Verified,(508) 946-1000,Oceanspray.Com,Private,Cranberries (Canners-Mfrs),0,A+
Oceans Fleet Fisheries,Lars,Vinjerud,Male,President,Scandinavian,20 Blackmer St,New Bedford,MA,2744,Verified,(508) 996-3785,Fleetfisheries.Com,Private,Trucking,$5-10 Million,B+
Old San Juan Bakery,Oscar,Rosario,Male,Owner,Hispanic,408 High St,Holyoke,MA,1040,Verified,(413) 534-5555,NULL,Private,Bread/Other Bakery Prod-Ex Cookies,$1-2.5 Million,B+
Old San Juan Bakery,Oscar,Rosario,Male,Owner,Hispanic,2460 Main St,Springfield,MA,1107,Verified,(413) 534-5555,NULL,Private,Bread/Other Bakery Prod-Ex Cookies,$1-2.5 Million,B+
Olive Branch Imports,Carlos R,Deoliveira,Male,Manager,Hispanic,1727 Revere Beach Pkwy,Everett,MA,2149,Verified,(617) 381-1700,Commongroundcoffeeroasters.Com,Private,Coffee Roasting (Whls),$5-10 Million,B
Orchard Cove Continuing Care,Louis J,Woolf,Male,CEO,Not Available,1 Del Pond Dr,Canton,MA,2021,Verified,(781) 821-0820,Hebrewseniorlife.Org,Private,Retirement Communities & Homes,"$500,000-1 Million",B+
Orchard Skate Shop,Broderick,Gumpright,Male,Owner,African American,156 Harvard Ave,Allston,MA,2134,Verified,(617) 782-7777,Orchardshop.Com,Private,Orchards,"Less Than $500,000",B
Orlando Greenhouse Sales Inc,William,Orlando,Male,President,Hispanic,35a Warren St,Westborough,MA,1581,Verified,(508) 335-6257,Orlandogreenhouse.Com,Private,Greenhouses,"Less Than $500,000",C+
P Tavilla Co,Ernest B,Tavilla,Male,President,Hispanic,78 New England Produce Ctr,Chelsea,MA,2150,Verified,(617) 884-9100,Ptavilla.Com,Private,Fruits & Vegetables-Wholesale,$20-50 Million,A
Pacific American Fish,Dale,Sylvia,Male,Manager,Western Europe,8 Fid Kennedy Ave # 7,Boston,MA,2210,Verified,(617) 204-9556,NULL,Private,Seafood-Wholesale,$10-20 Million,B+
Patrick Lyons Greenhouse,Terrence,Lyons,Male,Owner,African American,28 Spring St,Foxboro,MA,2035,Verified,(508) 543-9737,NULL,Private,Greenhouses,$1-2.5 Million,B
Patrick Lyons Greenhouse,Patrick,Lyons,Male,Owner,Western Europe,303 Central St,Foxboro,MA,2035,Verified,(508) 543-9737,NULL,Private,Greenhouses,$1-2.5 Million,B
Pearl Meat Packing Inc,Robert,Camelio,Male,CEO,Mediterranean,27 York Ave,Randolph,MA,2368,Verified,(781) 228-5100,Pearlmeat.Com,Private,Meat-Wholesale,$50-100 Million,A+
Peet's Coffee,Kellie,Costello,Female,General Mgr,Western Europe,9 Central St,Wellesley,MA,2482,Verified,(781) 235-2581,Peets.Com,Private,Coffee Shops,"$500,000-1 Million",B+
Pepsi Beverages Co,Kenneth,Morgan,Male,Vice President,Western Europe,2 Hampshire St # 202,Foxboro,MA,2035,Verified,(508) 216-1681,Pepsico.Com,Private,Bottlers (Mfrs),$50-100 Million,A
Pepsi Cola Of Worcester,Robert W,Rauh,Male,President,Western Europe,90 Industrial Dr,Holden,MA,1520,Verified,(508) 829-6551,Pepsinewengland.Com,Private,Bottlers (Mfrs),$10-20 Million,A
Piezoni's,Adrian,Martinez,Male,Owner,Hispanic,228 Washington St # A180,Attleboro,MA,2703,Verified,(508) 639-9750,Piezonis.Com,Private,Pizza,"$500,000-1 Million",A
Pioneer Valley Planning Commn,Amir,Kouzehkanani,Male,Principal,Middle Eastern,60 Congress St # 1,Springfield,MA,1104,Verified,(413) 781-6045,Pvpc.Org,Private,Hotel & Motel Management,$2.5-5 Million,B+
Plenus Group Inc,Joseph,Jolly,Male,CEO,Western Europe,101 Phoenix Ave,Lowell,MA,1852,Verified,(978) 970-3832,NULL,Private,Food Products & Manufacturers,$5-10 Million,A
Polar Beverages Inc,Ralph D,Crowley Jr,Male,CEO,Western Europe,1001 Southbridge St,Worcester,MA,1610,Verified,(508) 753-4300,Polarbeverages.Com,Private,Bottlers (Mfrs),0,A
Price Rite,Horacio,Arauz,Male,Manager,Hispanic,255 Squire Rd,Revere,MA,2151,Verified,(781) 286-6813,Priceritesupermarkets.Com,Private,Grocers-Retail,$20-50 Million,A
Prime Cleaning Co,Carla M,Silva,Female,President,Hispanic,157 Cashman Rd,Brockton,MA,2301,Verified,(508) 583-6300,NULL,Private,Janitor Service,$2.5-5 Million,B+
Procter & Gamble Co,Christine,Foley,Female,Vice President,Western Europe,1 Gillette Park,Boston,MA,2127,Verified,(617) 463-3000,Pg.Com,Private,Beauty Salons-Equipment & Supls (Whls),$1-2.5 Million,C+
Provincetown Portuguese Bakery,Tibor,Bago,Male,President,Eastern European,299 Commercial St,Provincetown,MA,2657,Verified,(508) 487-1803,NULL,Private,Bakers-Wholesale,$10-20 Million,B+
Quality Beverage LP,Shane,Blanchette,Male,Vice President,Western Europe,525 Myles Standish Blvd,Taunton,MA,2780,Verified,(508) 822-6200,Qblp.Com,Private,Beer & Ale-Wholesale,0,A+
Quality Custom Packing Inc,John,Vieira,Male,President,Hispanic,18 Wright St,New Bedford,MA,2740,Verified,(508) 993-0717,Qualitycustompacking.Com,Private,Seafood-Wholesale,$20-50 Million,A
Quintal Brothers WHLS Fruit,Richard,Quintal,Male,Owner,Hispanic,11 Scobee Cir,Plymouth,MA,2360,Verified,(508) 747-5565,NULL,Private,Fruits & Vegetables-Wholesale,$10-20 Million,A
Rapoza's Greenhouse Florist,Alfred,Rapoza,Male,Owner,Hispanic,963 American Legion Hwy,Westport,MA,2790,Verified,(508) 636-3791,Rapozasflorist.Com,Private,Florists-Retail,"Less Than $500,000",B
Rawenergetica,Nubia,Lisboa,Female,Manager,Hispanic,118 Union Ave,Framingham,MA,1702,Verified,(508) 202-9467,NULL,Private,Fruit Juices (Whls),$2.5-5 Million,C+
Reinhart Foodservice LLC,Gregory,Cox,Male,Vice President,Western Europe,225 John Hancock Rd,Taunton,MA,2780,Verified,(201) 420-1517,Rfsdelivers.Com,Private,Food Products & Manufacturers,$50-100 Million,A+
Restaurant Depot,Michael,Laconte,Male,Manager,Mediterranean,146 Dascomb Rd,Andover,MA,1810,Verified,(978) 749-9030,Restaurantdepot.Com,Private,Wholesale Clubs,$1-2.5 Million,B
Richdale Store,Bill,Delgado,Male,Owner,Hispanic,229 Broadway,Lynn,MA,1904,Verified,(781) 595-8970,NULL,Private,Service Stations-Gasoline & Oil,$5-10 Million,B
Rolf C Hagen INC,Thomas C,Marshall,Male,CEO,Western Europe,305 Forbes Blvd,Mansfield,MA,2048,Verified,(508) 339-9531,NULL,Private,Animal Health Products (Whls),$100-500 Million,A+
Rolivia Inc,Josie,Lopez,Female,President,Hispanic,678 Andover St # 3,Lawrence,MA,1843,Verified,(978) 681-5710,Rolivia.Com,Private,Wines-Retail,$1-2.5 Million,B+
Rosev Dairy Foods Inc,Joseph,Rosselli,Male,President,Mediterranean,8 Griffin Way,Chelsea,MA,2150,Verified,(617) 889-7444,Capedairy.Com,Private,Ice Cream Parlors,$2.5-5 Million,A
Round One Entertainment,Robin,Perez,Male,Manager,Hispanic,50 Holyoke St,Holyoke,MA,1040,Verified,(413) 409-5090,Round1usa.Com,Private,Family Entertainment Centers,"$500,000-1 Million",C
Royal Touch Food Brokers Sales,Daniel,Boateng,Male,Owner,African American,1 Boston Pl # 2600,Boston,MA,2108,Verified,Not Available,NULL,Private,Food Brokers (Whls),$10-20 Million,B
Running Brook Vineyards-Winery,Pedro,Teixeira,Male,Owner,Hispanic,335 Old Fall River Rd,North Dartmouth,MA,2747,Verified,(508) 985-1998,Runningbrookwine.Com,Private,Wineries (Mfrs),"Less Than $500,000",B
Saraiva Enterprises Inc,Jose,Saraiva,Male,President,Hispanic,74 Conway St,New Bedford,MA,2740,Verified,(508) 992-3263,Saraivaenterprises.Com,Private,Liquors-Wholesale,$5-10 Million,B+
Save-A-Lot Food Stores,Robert,Raposa,Male,Manager,Hispanic,100 Griffin St,Fall River,MA,2724,Verified,(508) 646-4095,Savealot.Com,Private,Grocers-Retail,$2.5-5 Million,A
Save-A-Lot Food Stores,Nikki,Botelho,Female,Manager,Hispanic,452 Mount Pleasant St,New Bedford,MA,2746,Verified,(508) 646-4095,Savealot.Com,Private,Grocers-Retail,$2.5-5 Million,A
Save-A-Lot Food Stores,Kenny,Teixeira,Male,Manager,Hispanic,650 American Legion Hwy,Roslindale,MA,2131,Verified,(508) 646-4095,Savealot.Com,Private,Grocers-Retail,$2.5-5 Million,A
Sea Jem Imports,Roy,Bento,Male,General Mgr,Hispanic,420 Washington St # 302,Braintree,MA,2184,Verified,(781) 848-3557,Cpa125.Com,Private,Fish & Seafood-Brokers (Whls),$5-10 Million,B+
Seabra Supermarkets,Joe,Perrera,Male,Manager,Hispanic,440 Stafford Rd # 3,Fall River,MA,2721,Verified,(508) 679-1021,Seabrasupermarkets.Com,Private,Grocers-Retail,$20-50 Million,A
Seacrest Foods,Robert,Di Tomaso,Male,Owner,Mediterranean,86 Bennett St,Lynn,MA,1905,Verified,(781) 581-2066,Seacrestfoods.Com,Private,Cheese-Wholesale,$100-500 Million,A
Seatrade International Co,Orlando,Cardoso,Male,Manager,Hispanic,8 South St,New Bedford,MA,2740,Verified,(508) 996-6489,Seatrade-International.Com,Private,Seafood-Wholesale,$20-50 Million,A+
Select Stone Cofp,Marcilio,Neto,Male,President,Hispanic,7 Esquire Rd,North Billerica,MA,1862,Verified,(978) 262-0032,Selectstonecorp.Com,Private,Counter Tops,$1-2.5 Million,B
Serenity Farm Inc,Kylie,Hogan,Female,Owner,Western Europe,365 Old Barnstable Rd,East Falmouth,MA,2536,Verified,Not Available,Serenityfarmcapecod.Org,Private,Farms,"Less Than $500,000",C
Sharrock Bakery,Henry,DE Jesus,Male,Owner,Hispanic,135 Potter St,New Bedford,MA,2740,Verified,(508) 997-5710,Sharrocksbakery.Com,Private,Manufacturers,$1-2.5 Million,B+
Shaw's Supermarket,Zulmira,Comeau,Female,Director,Hispanic,95 Washington St,Canton,MA,2021,Verified,(781) 828-1446,Shaws.Com,Private,Grocers-Retail,$50-100 Million,A
Shaw's Supermarket,Ken,Rinaldi,Male,Director,Mediterranean,246 Border St,East Boston,MA,2128,Verified,(781) 828-1446,Shaws.Com,Private,Grocers-Retail,$50-100 Million,A
Shaw's Supermarket,Zulmira,Comeau,Female,Director,Hispanic,255 E Central St,Franklin,MA,2038,Verified,(781) 828-1446,Shaws.Com,Private,Grocers-Retail,$50-100 Million,A
Shaw's Supermarket,George,Jackson,Male,Director,Western Europe,125 Robert Toner Blvd,North Attleboro,MA,2763,Verified,(781) 828-1446,Shaws.Com,Private,Grocers-Retail,$50-100 Million,A
Shaw's Supermarket,Rolando,Mendez,Male,Director,Hispanic,114-128 Essex Center Dr,Peabody,MA,1960,Verified,(781) 828-1446,Shaws.Com,Private,Grocers-Retail,$50-100 Million,A
Shawmut Grocery Inc,Melvin D,Vasquez,Male,President,Hispanic,614 Shawmut Ave,Roxbury,MA,2118,Verified,(617) 442-5964,NULL,Private,Grocers-Retail,"$500,000-1 Million",B
Side Hill Farm,Amy,Klippenstein,Female,Site Manager,Western Europe,58 Forget Rd,Charlemont,MA,1339,Verified,(413) 339-0033,Sidehillfarm.Net,Branch of Public Company,Farms,"Less Than $500,000",C+
Sidekim Foods,Carolina,Garces,Female,Director,Hispanic,82 Sanderson Ave # 112,Lynn,MA,1902,Verified,(781) 595-3663,Triocommunitymeals.Com,Branch of Public Company,Food Service-Management,$2.5-5 Million,B+
Siegel Egg Co,Ken,Siegel,Male,Owner,Not Available,90 Salem Rd # 3,North Billerica,MA,1862,Verified,(978) 528-2010,Siegelegg.Com,Private,Eggs (Whls),$100-500 Million,A+
Silva's Market,Marcellas,Silva,Male,Owner,Hispanic,530 Boston Post Rd E # E4,Marlborough,MA,1752,Verified,(508) 485-5977,NULL,Private,Grocers-Retail,"Less Than $500,000",C+
Silver Oak Farm,Mark,Welty,Male,Owner,African American,1258 West Rd,Ashby,MA,1431,Verified,(978) 386-2515,NULL,Private,Farms,"Less Than $500,000",C+
Slade Gorton & Co Inc,Michael,Gorton,Male,CEO,Western Europe,225 Southampton St,Boston,MA,2118,Verified,(617) 442-5800,Sladegorton.Com,Private,Prepared Fish & Seafood Products (Mfrs),0,A+
Snowy Owl Coffee Roasters LLC,Manuel,Ainzuani,Male,Owner,Hispanic,2624 Main St,Brewster,MA,2631,Verified,(774) 323-0605,Socoffee.Co,Private,Coffee Shops,"$500,000-1 Million",C+
Sol Of Mexico,Emma,Acevedo,Female,Owner,Hispanic,538 Pleasant St,Worcester,MA,1602,Verified,(508) 756-2660,Solofmexico.Yolasite.Com,Branch of Public Company,Restaurants,"Less Than $500,000",B
Springdell Farm,Mary P,Clark,Female,President,Western Europe,571 Great Rd,Littleton,MA,1460,Verified,(978) 486-3865,Springdellfarms.Com,Private,Farms,"Less Than $500,000",B
Stacy's Pita Chip Co,Jennifer,Saenz,Female,President,Hispanic,663 North St,Randolph,MA,2368,Verified,(781) 961-7799,Stacyssnacks.Com,Private,Restaurants,"$500,000-1 Million",B+
Star Market,Stepan,Petrosyan,Male,Director,Centl & SW Asian,1065 Commonwealth Ave,Boston,MA,2215,Verified,(617) 783-5878,Starmarket.Com,Private,Grocers-Retail,$10-20 Million,A
Star Pickling Corp,Joseph C,Castro,Male,President,Hispanic,941 Wood St,Swansea,MA,2777,Verified,(508) 672-8535,NULL,Private,Pickled Fruits/Vegs & Dressings (Mfrs),$2.5-5 Million,A
State Garden Inc LLC,Mark,Demichaelis,Male,President,Uncoded,240 2nd St,Chelsea,MA,2150,Verified,(617) 884-1816,Stategarden.Com,Private,Landscape Contractors,$50-100 Million,A
Steve Connolly Seafood Inc,Romeo,Solviletti,Male,Manager,African American,431 Main St,Gloucester,MA,1930,Verified,(978) 283-4443,Steveconnollyseafood.Com,Private,Seafood-Retail,$2.5-5 Million,A
Stop & Shop Distribution Ctr,Jim,Labreque,Male,Senior VP,Western Europe,136 S Main St,Assonet,MA,2702,Verified,(508) 977-5125,Stopandshop.Com,Private,Distribution Centers (Whls),$2.5-5 Million,B+
Stowaway Sweets,Emily,Dewitt,Female,CEO,Western Europe,154 Atlantic Ave,Marblehead,MA,1945,Verified,(781) 631-0303,Stowawaysweets.Com,Private,Retail Shops,$5-10 Million,A
SUBWAY,Nadja,Santos,Female,Manager,Hispanic,373 Maple Ave,Shrewsbury,MA,1545,Verified,(508) 799-9090,Subway.Com,Private,Restaurants,"Less Than $500,000",B+
Sunrise Bakery & Coffee Shop,Manny,Amaral,Male,Owner,Hispanic,571 Dartmouth St,South Dartmouth,MA,2748,Verified,(508) 984-7706,Sunrisebakeryandcoffeeshop.Com,Private,Bakers-Retail,"$500,000-1 Million",B+
Super Hero's,Serge,Khatchatourian,Male,Owner,Centl & SW Asian,509 Mount Auburn St,Watertown,MA,2472,Verified,(617) 924-9507,NULL,Private,Grocers-Retail,"Less Than $500,000",C+
Supreme Bakery,Armen,Gevorgyan,Male,President,Centl & SW Asian,418 Washington St,Lynn,MA,1901,Verified,(781) 595-4226,NULL,Private,Bakers-Wholesale,$2.5-5 Million,B
T F Kinnealey & Co,James D,Hope,Male,CEO,Western Europe,1100 Pearl St # 1,Brockton,MA,2301,Verified,(617) 442-1200,Kinnealey.Com,Private,Exporters (Whls),$100-500 Million,A
Table Talk Pies Inc,Harry,Kokkinis,Male,President,Mediterranean,120 Washington St # 1,Worcester,MA,1610,Verified,(508) 798-8811,Tabletalkpie.Com,Private,Bakers-Retail,$2.5-5 Million,A
Tavares Farm,Paul,Tavares,Male,Owner,Hispanic,164 Slades Corner Rd,South Dartmouth,MA,2748,Verified,(508) 636-2042,NULL,Private,Farms,"Less Than $500,000",C
Tavarez Groceries,Jose,Infante,Male,Manager,Hispanic,721 Warren Ave,Brockton,MA,2301,Verified,(508) 587-5070,NULL,Private,Grocers-Wholesale,$1-2.5 Million,C+
Taza Chocolate,Alex,Whitmore,Male,Owner,Western Europe,561 Windsor St,Somerville,MA,2143,Verified,(617) 718-0094,Tazachocolatebenefits.Com,Private,Candy & Confectionery-Manufacturers,$5-10 Million,A
Tea Forte,Peter,Hewitt,Male,CEO,Western Europe,5 Mill And Main Pl # 211,Maynard,MA,1754,Verified,(978) 369-7777,Teaforte.Com,Private,Coffee & Tea Products-Manufacturers,$5-10 Million,A
Tenares Grocery,Ligio,Valentin,Male,Owner,Hispanic,64 Berkeley St,Lawrence,MA,1841,Verified,(978) 687-0428,NULL,Private,Grocers-Wholesale,$1-2.5 Million,C+
Terrell Clark PHD,Terrell,Clark,Male,0,African American,9 Hope Ave,Waltham,MA,2453,Verified,(781) 216-2215,Childrenshospital.Org,Private,Psychologists,"Less Than $500,000",P
Tesoro Distributors,Jeronimo,Perez,Male,Owner,Hispanic,155 Market St,Everett,MA,2149,Verified,(617) 381-8730,Tesoroenterprises.Us,Private,Grocers-Wholesale,$5-10 Million,B+
Tito's Bakery,Tito,Avellaneda,Male,Owner,Hispanic,333 Broadway,Chelsea,MA,2150,Verified,(617) 884-3313,NULL,Private,Bakers-Wholesale,$5-10 Million,B+
Trucchi's Supermarkets,Matt,Cabral,Male,Manager,Hispanic,858 Bedford St,Abington,MA,2351,Verified,(781) 878-5080,Trucchis.Com,Private,Grocers-Retail,$10-20 Million,A
United Liberty Bakery,John,Vasconcelos,Male,Owner,Hispanic,1173 Stafford Rd,Fall River,MA,2721,Verified,(508) 674-8706,NULL,Private,Bread/Other Bakery Prod-Ex Cookies,"Less Than $500,000",B
United Liquors LTD,Mark,Fisher,Male,President,Western Europe,500 John Hancock Rd,Taunton,MA,2780,Verified,(781) 348-8000,Martignetti.Com,Private,Liquors-Wholesale,0,A
Upton Tea Imports,Thomas,Eck,Male,Owner,Western Europe,100 Jeffrey Ave # 1,Holliston,MA,1746,Verified,(508) 474-6840,Uptontea.Com,Private,Tea-Wholesale,$20-50 Million,A
Ventura Grain Co Inc,George,Lewis,Male,Owner,Western Europe,148 Longmeadow Rd,Taunton,MA,2780,Verified,(508) 824-7292,Venturagraininc.Com,Private,Grain-Dealers (Whls),$50-100 Million,A
Ventura's Meat Market,Joseph,Ventura,Male,Owner,Hispanic,386 Lawton St # 4,Fall River,MA,2721,Verified,(508) 678-2508,NULL,Private,Meat-Wholesale,$2.5-5 Million,B+
Volante Farm,Alfred,Volante,Male,Owner,Mediterranean,292 Forest St,Needham,MA,2492,Verified,(781) 444-2351,NULL,Private,Farm Markets,"$500,000-1 Million",B
Wagland Flower Shop & Greenhse,Matthew,Orlando,Male,Owner,Hispanic,635 Broadway,Lawrence,MA,1841,Verified,(978) 682-7517,NULL,Private,Florists-Retail,"Less Than $500,000",B
Wainer Sid & Son Spec Produce,Henry B,Wainer,Male,Owner,Western Europe,2301 Purchase St,New Bedford,MA,2746,Verified,(508) 999-6408,Sidwainer.Com,Private,Importers (Whls),$100-500 Million,A
Wellpet LLC,Tim,Callahan,Male,CEO,Western Europe,200 Ames Pond Dr # 200,Tewksbury,MA,1876,Verified,(978) 289-5500,Wellpet.Com,Private,Pet Foods-Wholesale,0,A+
Whole Foods Market,Wanda,Hernandez,Female,Manager,Hispanic,340 River St,Cambridge,MA,2139,Verified,(617) 876-6990,Wholefoodsmarket.Com,Private,Grocers-Retail,$20-50 Million,A
Whole Foods Market,Ed,Jackson,Male,Manager,Western Europe,413 Centre St,Jamaica Plain,MA,2130,Verified,(617) 876-6990,Wholefoodsmarket.Com,Branch of Public Company,Grocers-Retail,$20-50 Million,A
William G Bell & Co,Chuck,Kozubal,Male,President,Eastern European,167 Moore Rd,East Weymouth,MA,2189,Verified,(781) 337-5000,Bradyenterprises.Com,Branch of Public Company,Food Products & Manufacturers,0,A+
Xavier Florist,Eddie,Cabral,Male,Owner,Hispanic,200 William S Canning Blvd,Fall River,MA,2721,Verified,(508) 674-8332,NULL,Private,Florists-Retail,"Less Than $500,000",B
7-Eleven,Habtamu,Habteyes,Male,Owner,African American,729 E 25th St,Baltimore,MD,21218,Verified,(410) 235-6624,7-Eleven.Com,Private,Convenience Stores,$1-2.5 Million,A
7-Eleven,Abera,Tessema,Male,Owner,African American,8014 Liberty Rd,Baltimore,MD,21244,Verified,(410) 235-6624,7-Eleven.Com,Private,Convenience Stores,$1-2.5 Million,A
7-Eleven,Dilip,Magner,Male,Owner,African American,15900 Shady Grove Rd,Gaithersburg,MD,20877,Verified,(410) 235-6624,7-Eleven.Com,Private,Convenience Stores,$1-2.5 Million,A
Ace Cash Express,Tamika,Chapman,Female,Manager,African American,3046 Greenmount Ave,Baltimore,MD,21218,Verified,(410) 243-4466,Acecashexpress.Com,Private,Payday Loans,"$500,000-1 Million",B
Ace Cash Express,Gabrielle,Green,Female,Manager,Western Europe,7517 Landover Rd,Landover,MD,20785,Verified,(410) 243-4466,Acecashexpress.Com,Private,Payday Loans,"$500,000-1 Million",B
Albert Uster Imports Inc,Philip,Braun,Male,President,Western Europe,9211 Gaither Rd,Gaithersburg,MD,20877,Verified,(301) 258-7350,Secure.Auifinefoods.Com,Private,Importers (Whls),$20-50 Million,A
American Grocery,Jose,Rodrieguez,Male,Owner,Hispanic,8539 Piney Branch Rd,Silver Spring,MD,20901,Verified,(301) 495-0864,NULL,Private,Grocers-Retail,$2.5-5 Million,B+
Arinc Inc,John M,Belcher,Male,CEO,Western Europe,2551 Riva Rd,Annapolis,MD,21401,Verified,(410) 266-4000,Collinsaerospace.Com,Private,Communications Contractors,0,A+
Aspen Hill Lottery Beer & Wine,Miguel,Mercado,Male,Owner,Hispanic,13745 Connecticut Ave,Silver Spring,MD,20906,Verified,(301) 460-3300,NULL,Private,Beverages (Whls),$10-20 Million,B+
Atwaters,Ned,Atwater,Male,Owner,Western Europe,2905 Whittington Ave,Baltimore,MD,21230,Verified,(410) 644-3435,Atwatersfood.Com,Private,Bakers-Wholesale,$20-50 Million,A
Ayala Andrade Inc,Jose,Ayala,Male,Owner,Hispanic,108 Olde Towne Ave,Gaithersburg,MD,20877,Verified,(301) 963-3443,NULL,Private,Beer & Ale-Retail,"Less Than $500,000",C+
Bacchus Importers LTD,Bruce,Gearhart,Male,President,Western Europe,1817 Portal St,Baltimore,MD,21224,Verified,(410) 633-0400,Bacchusimportersltd.Com,Private,Wines-Wholesale,0,A+
Bark!,Adrian,Hinojosa,Male,Manager,Hispanic,10737 Columbia Pike,Silver Spring,MD,20901,Verified,(240) 839-7736,Barknatural.Com,Private,Pet Supplies & Foods-Retail,"$500,000-1 Million",B
Baskin-Robbins,Mohammad,Pater-Rov,Male,Owner,African American,8802 Belair Rd,Nottingham,MD,21236,Verified,(410) 256-7710,Baskinrobbins.Com,Private,Ice Cream Parlors,"Less Than $500,000",B+
Boone Street Farm LLC,Cheryl,Carmona,Female,Owner,Hispanic,2701 Saint Lo Dr,Baltimore,MD,21213,Verified,Not Available,Boonestreetfarm.Blogspot.Com,Private,Farms,"Less Than $500,000",C
Break Thru Beverage Group,Ryan,Grimshaw,Male,Vice President,Western Europe,525 Progress Dr # K,Linthicum Heights,MD,21090,Verified,(410) 401-9800,Breakthrubeverage.Com,Private,Beverages (Whls),$100-500 Million,A+
Bruster's Real Ice Cream,Bob,Fischer,Male,Site Manager,Western Europe,18519 N Frederick Ave,Gaithersburg,MD,20879,Verified,(240) 631-1222,Brusters.Com,Private,Ice Cream Parlors,$1-2.5 Million,A
Burger Fi,Kayla,Mateo,Female,Manager,Hispanic,8504 Fenton St,Silver Spring,MD,20910,Verified,(301) 565-2100,Order.Burgerfi.Com,Private,Restaurants,$1-2.5 Million,B+
Burger King,Bob,Diaz,Male,Manager,Hispanic,4400 Reisterstown Rd,Baltimore,MD,21215,Verified,(410) 542-1945,Bk.Com,Private,Restaurants,"$500,000-1 Million",B+
Burgos Deli & Grocery,Pablo,Lopez,Male,Manager,Hispanic,1245 N Patterson Park Ave,Baltimore,MD,21213,Verified,(410) 522-5500,NULL,Private,Grocers-Retail,"$500,000-1 Million",C+
Burn Woodfired Pizza,Vince,Sabastian,Male,Owner,Centl & SW Asian,10019 Old Ocean City Blvd,Berlin,MD,21811,Verified,(410) 973-2038,NULL,Private,Pizza,"Less Than $500,000",C+
C & C Meat Sales Inc,Jeff,Carroll,Male,Owner,Western Europe,475 Commerce Dr,Upper Marlboro,MD,20774,Verified,(301) 249-8800,Ccmeatsales.Com,Private,Meat-Wholesale,$100-500 Million,A+
C & Y Investments,Millie,Lopez,Female,Manager,Hispanic,7395 Washington Blvd,Elkridge,MD,21075,Verified,(410) 796-4904,NULL,Private,Bakers-Retail,"Less Than $500,000",B+
C I A Food Corp,Rafael,Flores,Male,Owner,Hispanic,5708 Wabash Ave,Baltimore,MD,21215,Verified,Not Available,NULL,Private,Food Facilities (Whls),$2.5-5 Million,C
Capital Seaboard,Troy,Goeller,Male,Owner,Western Europe,7540 Assateague Dr,Jessup,MD,20794,Verified,(443) 755-1733,Capitalseaboard.Com,Public,Seafood-Retail,$50-100 Million,B+
Caspian Supermarket Inc,Ali,Nazarian,Male,Owner,Centl & SW Asian,9191 Baltimore Natl Pike # 1,Ellicott City,MD,21042,Verified,(410) 313-8072,Ww2.Caspiansupermarket.Com,Private,Grocers-Retail,"$500,000-1 Million",B
Central Grain Elevator,Leroy,Davis,Male,Manager,African American,410 Back St,Millington,MD,21651,Verified,(410) 928-3177,Mountair.Com,Private,Grain-Dealers (Whls),$10-20 Million,B
Charm City Chickenry LLC,Herbert,Burgunder Iii,Male,Owner,Hispanic,901 Dulaney Valley Rd # 500c,Towson,MD,21204,Verified,Not Available,NULL,Private,Poultry Farms,$1-2.5 Million,C+
Cinco De Mayo,Enrique,Guzman,Male,Owner,Hispanic,1312 Eastern Ave,Baltimore,MD,21231,Verified,(410) 522-7646,NULL,Private,Meat-Retail,"$500,000-1 Million",B
Cinco De Mayo,Evaristo,Guzman,Male,Owner,Hispanic,417 S Highland Ave,Baltimore,MD,21224,Verified,(410) 522-7646,NULL,Private,Meat-Retail,"$500,000-1 Million",B
Cinco De Mayo Bakery,Hugo,Guzman,Male,Manager,Hispanic,445 Crain Hwy N,Glen Burnie,MD,21061,Verified,(410) 553-6884,NULL,Private,Bread/Other Bakery Prod-Ex Cookies,$1-2.5 Million,A
Corona Grocery,Pete,Gonzalez,Male,Owner,Hispanic,3520 E Lombard St,Baltimore,MD,21224,Verified,(410) 675-3985,NULL,Branch of Public Company,Grocers-Retail,"$500,000-1 Million",B
Craft Wine & Spirits Of MD LLC,Raul,Mejia,Male,Owner,Hispanic,14231 Cherry Lane Ct,Laurel,MD,20707,Verified,(202) 803-6070,NULL,Private,Wines-Wholesale,$10-20 Million,B
D & L One Stop Grocery,Leroy,Marshall,Male,Owner,African American,2944 E Preston St,Baltimore,MD,21213,Verified,(443) 919-9876,NULL,Private,Grocers-Retail,"$500,000-1 Million",C+
D-S Livestock Equipment,Dennis,Schoenian,Male,Owner,Centl & SW Asian,18059 National Pike,Frostburg,MD,21532,Verified,(301) 689-1966,Dslivestock.Biz,Private,Livestock Equipment & Supplies (Whls),$1-2.5 Million,B
Da'Vita Foods Co,Walter,Alonso,Male,Vice President,Hispanic,21726 Academy Ter,Hagerstown,MD,21740,Verified,(301) 739-7754,NULL,Private,Bakers-Wholesale,$50-100 Million,A
Dairy Maid Dairy LLC,Jimmy,Vona,Male,Owner,Mediterranean,259 E 7th St,Frederick,MD,21701,Verified,(301) 663-5114,Dairymaiddairy.Com,Private,Fluid Milk (Mfrs),0,A+
Daughter For Hire,Judith,Duarte,Female,Owner,Hispanic,3530 Chiswick Ct,Silver Spring,MD,20906,Verified,(301) 598-1672,NULL,Private,Senior Citizens Service,"Less Than $500,000",I
Deli Brands Of America,Jeffrey,Saval,Male,President,Hispanic,4600 Pulaski Hwy,Baltimore,MD,21224,Verified,(410) 276-2373,Delibrandsofamerica.Com,Branch of Public Company,Food Brokers (Whls),$100-500 Million,A+
Depalo-Sons-Mid-Atlantic,Michael,DE Palo,Male,President,Hispanic,9101 Yellow Brick Rd # B,Rosedale,MD,21237,Verified,(410) 483-1900,Pjponline.Com,Branch of Public Company,Restaurant Equipment & Supplies-Retail,$5-10 Million,A
Dietz & Watson Inc,Tony,Alvarez,Male,Manager,Hispanic,3330 Henry G Parks Jr Cir,Baltimore,MD,21215,Verified,(410) 664-7400,NULL,Private,Meat-Wholesale,$100-500 Million,A+
Eastland Food Corp,Pricha,Mekhaya,Male,President,Far Eastern,9475 Gerwig Ln # N,Columbia,MD,21046,Verified,(410) 381-8126,Cocokingjuice.Com,Private,Importers (Whls),$50-100 Million,A
Eddie's Of Mt Vernon,Dennis,Zorn,Male,Owner,Western Europe,7 W Eager St,Baltimore,MD,21201,Verified,(410) 727-0154,NULL,Private,Grocers-Retail,$5-10 Million,A
El Salvadoreno Latin Market,Blanca,Tallardo,Female,Manager,Hispanic,441 S Frederick Ave,Gaithersburg,MD,20877,Verified,(301) 527-8542,NULL,Private,Food Products (Whls),$5-10 Million,B+
Elite Spice Inc,Samuel,Isaac,Male,CEO,Scandinavian,7151 Montevideo Rd,Jessup,MD,20794,Verified,(410) 796-1900,Elitespice.Com,Private,Spices-Manufacturers,$20-50 Million,A
Essex Florist & Greenhouses,Dave,Meros,Male,Owner,Uncoded,341 S Marlyn Ave,Essex,MD,21221,Verified,(410) 687-1991,Essexflorist.Net,Private,Florists-Retail,"$500,000-1 Million",B+
Filipino Home Baking & Grocery,Carmelita L,Amado,Female,President,Hispanic,11222 Triangle Ln,Silver Spring,MD,20902,Verified,(301) 942-2800,NULL,Private,Grocers-Retail,"$500,000-1 Million",C+
Food Express,Erick,Berez,Male,Manager,Hispanic,2910 Harford Rd,Baltimore,MD,21218,Verified,(410) 235-4211,NULL,Private,Food Products (Whls),$2.5-5 Million,B
Fresh Market,Ron,Marra,Male,General Mgr,Mediterranean,2510 Quarry Lake Dr,Baltimore,MD,21209,Verified,(410) 580-1930,Thefreshmarket.Com,Private,Grocers-Retail,$20-50 Million,A+
Frito-Lay Inc,George,Wierwille,Male,Vice President,Uncoded,3101 Viona Ave,Baltimore,MD,21230,Verified,(410) 355-2335,Fritolay.Com,Private,Food Products (Whls),$100-500 Million,A+
G Cefalu & Brother Inc,Matt,Kilmartin,Male,Vice President,Western Europe,7460 Conowingo Ave,Jessup,MD,20794,Verified,(410) 799-3414,Gcefalu.Com,Private,Fruits & Vegetables-Wholesale,$10-20 Million,A
Gg's Kitchen,Juan,Canles,Male,Owner,Hispanic,742 Cady Dr,Fort Washington,MD,20744,Verified,(301) 248-9780,Antoniospizzasubspasta.Com,Private,Pizza,"Less Than $500,000",B
Giant Food,Rafael,Gomez,Male,Manager,Hispanic,8750 Arliss St,Silver Spring,MD,20901,Verified,(301) 587-3450,Giantfood.Com,Branch of Public Company,Grocers-Retail,$2.5-5 Million,A
Gilbert Foods Inc,Charles,Gilbert,Male,President,Western Europe,6030 Marshalee Dr # 728,Elkridge,MD,21075,Verified,(410) 782-2780,Hearnkirkwood.Com,Branch of Public Company,Food Products (Whls),$20-50 Million,A
Global Beverages Inc,Michael,Buzzard,Male,Manager,Native American,1324 S Salisbury Blvd,Salisbury,MD,21801,Verified,(410) 742-8199,NULL,Branch of Public Company,Liquors-Retail,$1-2.5 Million,B+
Grand Brands/True Lemon,David,Schleider,Male,President,Western Europe,8989 Yellow Brick Rd,Rosedale,MD,21237,Verified,(410) 238-6000,Truelemon.Com,Branch of Public Company,Food Products (Whls),$10-20 Million,A
Great Cheese LLC,Jack,Fromberg,Male,Owner,Western Europe,1111 Wilso Dr,Baltimore,MD,21223,Verified,(410) 528-0700,NULL,Private,Cheese,"$500,000-1 Million",B
Hanover Foods Corp,Louie,Camacho,Male,Manager,Hispanic,502 Factory Ln,Ridgely,MD,21660,Verified,(410) 820-1500,Hanoverfoods.Com,Private,Frozen Food Processors (Mfrs),$20-50 Million,A+
Intralin Corp,Rajiv,Matha,Male,President,South Asian,2200 Winchester St,Baltimore,MD,21216,Verified,(410) 362-4010,Intralin.Com,Private,Linens-Retail,$2.5-5 Million,A
JDK,Robert,Dasilva,Male,President,Hispanic,9155 Brookville Rd,Silver Spring,MD,20910,Verified,(301) 587-2233,NULL,Private,Coffee & Tea,"$500,000-1 Million",B
JJ Mcdonnell & Co Inc,Barry,Angradi,Male,General Mgr,Mediterranean,7010 Brookdale Dr,Elkridge,MD,21075,Verified,(410) 799-4000,Jjmcdonnell.Com,Private,Wholesale,$50-100 Million,A
K9 Cart Co East,Lincoln,Parkes,Male,Owner,African American,206 E Pier St,Oxford,MD,21654,Verified,(410) 226-5006,K-9cart.Com,Private,Pet Supplies & Foods-Retail,"$500,000-1 Million",C+
Keany Produce,Roy,Cargiulo,Male,Exec Director,Mediterranean,3310 75th Ave,Landover,MD,20785,Verified,(240) 582-5220,Keanyproduce.Com,Private,Fruits & Vegetables-Wholesale,$100-500 Million,A+
Keffa Coffee LLC,Sam,Demisse,Male,Owner,African American,7 S High St,Baltimore,MD,21202,Verified,(410) 878-2874,NULL,Private,Coffee Shops,"Less Than $500,000",B
Kingdoms Farm LLC,Latesha,Stanley,Female,Manager,African American,6806 Dakota Ct,Bryans Road,MD,20616,Verified,Not Available,NULL,Private,Farms,"Less Than $500,000",U
Krispy Kreme Doughnuts,Jermaine,Johnson,Male,General Mgr,African American,2505 Lord Baltimore Dr # K,Baltimore,MD,21244,Verified,(443) 551-4850,Krispykreme.Com,Branch of Public Company,Doughnuts,$1-2.5 Million,A
LA Union Market II LLC,Elias,Majia,Male,Manager,Hispanic,6709 Reisterstown Rd,Baltimore,MD,21215,Verified,(410) 318-8044,NULL,Private,Grocers-Wholesale,$20-50 Million,A
Lanco Pennland Quality Milk,Kate,Vergeront,Female,Director,Western Europe,1258 Maryland Ave,Hagerstown,MD,21740,Verified,(301) 393-5554,Lancopennland.Com,Private,Dairy Products-Retail,"$500,000-1 Million",B
Legend's Pizza Wings & More,Pete,Chen,Male,President,Far Eastern,3319 W Cold Spring Ln,Baltimore,MD,21215,Verified,(410) 578-0003,Mylegendspizza.Com,Private,Pizza,"Less Than $500,000",B
M & M Foods Distribution LLC,Carlos,Mendoza,Male,Manager,Hispanic,3615 Gallatin St # 1114,Hyattsville,MD,20782,Verified,Not Available,NULL,Private,Food Products (Whls),$10-20 Million,B+
Mama's Grocery Store,Rishan,George,Male,Owner,African American,3322 Greenmount Ave,Baltimore,MD,21218,Verified,(410) 554-7822,NULL,Private,Grocers-Retail,"Less Than $500,000",C
Maryland Packaging,Marwan,Moheyeldien,Male,Owner,Middle Eastern,7030 Troy Hill Dr # 500,Elkridge,MD,21075,Verified,(410) 540-9700,NULL,Private,Food Products (Whls),$20-50 Million,A+
Maryland-VA Milk Producers Co,Dwayne,Myers,Male,President,African American,8321 Leishear Rd,Laurel,MD,20723,Verified,(410) 792-7960,Mdvamilk.Com,Private,Dairy Products-Wholesale,$100-500 Million,A+
Mayorga Organics LLC,Martin,Mayorga,Male,President,Hispanic,1029 E Gude Dr # 110,Rockville,MD,20850,Verified,(301) 315-8093,Mayorgaorganics.Com,Private,Coffee & Tea-Wholesale,0,A
Mccoirmick & Co Inc,Laurel,Eierman,Female,Partner,Not Available,202 Wight Ave,Hunt Valley,MD,21031,Verified,(410) 771-7470,Mccormickcorporation.Com,Private,Spices-Wholesale,0,B+
Mccormick & Co Inc,Lawrence E,Kurzius,Male,CEO,Uncoded,24 Schilling Rd # 1,Hunt Valley,MD,21031,Verified,(410) 771-7301,Mccormickcorporation.Com,Private,Spices-Manufacturers,0,A+
Moctec Enterprises Inc,Victor,Bazquez,Male,President,Hispanic,3601 West St # C,Hyattsville,MD,20785,Verified,(301) 386-9090,NULL,Private,Restaurants,$1-2.5 Million,A
Mountain Valley Orchard,Leroy,Tracey,Male,Owner,African American,22541 Jefferson Blvd,Smithsburg,MD,21783,Verified,(301) 824-2089,Mountainhall.Com,Branch of Public Company,Fruits & Vegetables & Produce-Retail,"Less Than $500,000",B
Mountaire Farms Of Delmarva,Patrick,Townsend,Male,Director,Western Europe,30700 King Miller Rd,Princess Anne,MD,21853,Verified,(410) 749-8122,Mountaire.Com,Branch of Public Company,Poultry Processing Plants (Mfrs),$5-10 Million,A+
Murry's Inc,Ira,Mendelson,Male,CEO,Western Europe,7852 Walker Dr,Greenbelt,MD,20770,Verified,(301) 420-6400,Murrys.Com,Private,Food Products (Whls),0,A+
Nora Cafe & Bakery,Norek,Sinanin,Male,Owner,Uncoded,8450 Baltimore Natl Pike # 8,Ellicott City,MD,21043,Verified,(410) 461-6902,Thenoracafe.Com,Private,Bakers-Wholesale,$10-20 Million,A
Obo Pizza,Oscar,Guzman,Male,Manager,Hispanic,162 Smallwood Village Ctr,Waldorf,MD,20602,Verified,(301) 710-5444,NULL,Private,Restaurants,"$500,000-1 Million",B+
Old Navy,Ryan,Huezo,Male,Manager,Hispanic,6260 Columbia Crossing Cir,Columbia,MD,21045,Verified,(410) 872-1170,Oldnavy.Com,Private,Clothing-Retail,$5-10 Million,A+
Olivins Tasting Room-Aged,William,Acosta,Male,Owner,Hispanic,205 N Talbot St,Saint Michaels,MD,21663,Verified,(410) 745-2062,Olivinsstmichaels.Com,,Gourmet Shops,"Less Than $500,000",C+
Orinoco,Ricardo,Ramirez,Male,Manager,Hispanic,8265 Patuxent Range Rd # L,Jessup,MD,20794,Verified,(410) 312-5292,Orinococoffeeandtea.Com,,Coffee Shops,"Less Than $500,000",C+
Orinoco Coffee & Tea,Pedro,Ramirez,Male,Owner,Hispanic,8265 Patuxent Range Rd # L,Jessup,MD,20794,Verified,(410) 312-5292,Orinococoffeeandtea.Com,,Coffee & Tea Products-Manufacturers,$2.5-5 Million,A+
Ostrowski Food Mkt & Sausage,J R,Victor,Male,Owner,Hispanic,1801 Bank St,Baltimore,MD,21231,Verified,(410) 732-1118,Ostrowskiofbankst.Com,,Meat Products (Mfrs),$1-2.5 Million,A
Pamex,Javier,Ramerez,Male,Owner,Hispanic,7900 Parston Dr,District Heights,MD,20747,Verified,(301) 420-5494,Pamexfoods.Com,,Food Brokers (Whls),$20-50 Million,A
Pepper Palace,Deana,Bonilla,Female,Manager,Hispanic,22705 Clarksburg #938,Boyds,MD,20841,Verified,(301) 972-1349,Pepperpalace.Com,,Restaurants,"Less Than $500,000",C
Pepsi Beverages Co,Grant,Connellee,Male,Vice President,Western Europe,1328 Old Post Rd,Havre De Grace,MD,21078,Verified,(508) 216-1681,Pepsico.Com,,Bottlers (Mfrs),$50-100 Million,A
Pepsi Beverages Co,Kevin,Gott,Male,Vice President,Western Europe,6405 Crain Hwy,La Plata,MD,20646,Verified,(508) 216-1681,Pepsico.Com,,Bottlers (Mfrs),$50-100 Million,A
Perdue Farms Inc,Steve,Evans,Male,President,Western Europe,31149 Old Ocean City Rd,Salisbury,MD,21804,Verified,(410) 543-3000,Perdue.Com,,Farms,0,A+
Phillips Foods Inc,Steven,Phillips,Male,CEO,Western Europe,3761 Commerce Dr # 413,Halethorpe,MD,21227,Verified,(443) 263-1200,Phillipsfoods.Com,,Restaurant Management,0,A
Phillips Gourmet Mushrooms,Jack,Reitnaur,Male,Manager,Western Europe,249 Worsell Manor Rd,Warwick,MD,21912,Verified,(410) 275-2755,Phillipsgourmet.Com,,Mushrooms,$10-20 Million,A
Pimiento Picante,Padro,Cruz,Male,Owner,Hispanic,162 Carroll Island Rd,Middle River,MD,21220,Verified,(410) 344-6512,NULL,,Condiments & Sauces (Whls),$2.5-5 Million,C+
Randallstown African Mkt Intl,Chuck,Kalu,Male,Owner,African American,5316 Old Court Rd,Randallstown,MD,21133,Verified,(410) 496-1501,NULL,,Grocers-Retail,"$500,000-1 Million",B
Reliable Churchill Lllp,Jim,Smith,Male,CEO,Western Europe,1413 Tangier Dr,Middle River,MD,21220,Verified,(410) 439-5000,Breakthrubev.Com,,Liquors-Wholesale,$500m - $1 Billion,A
Retail Services & Systems Inc,Robert,Trone,Male,Owner,Western Europe,6600 Rockledge Dr # 150,Bethesda,MD,20817,Verified,(301) 795-1000,Totalwine.Com,,Wines-Retail,0,A+
Ricardo's Grocery,Ricardo,Ramirec,Male,Owner,Hispanic,3027 E Baltimore St,Baltimore,MD,21224,Verified,(410) 522-2455,NULL,,Grocers-Retail,"$500,000-1 Million",B
Romero's Tienda Latina,Socrates,Romero,Male,Owner,Hispanic,10706 Reisterstown Rd # 8,Owings Mills,MD,21117,Verified,(443) 501-3908,NULL,,Restaurants,"Less Than $500,000",B
Royal Farms,Shawna,Reely,Female,Manager,African American,10 Box Hill South Pkwy,Abingdon,MD,21009,Verified,(410) 670-5041,Royalfarms.Com,,Convenience Stores,"$500,000-1 Million",B
Royal Farms,Maria,Felix,Female,Manager,Hispanic,4384 Hollins Ferry Rd,Baltimore,MD,21227,Verified,(410) 670-5041,Royalfarms.Com,,Convenience Stores,"$500,000-1 Million",B
Saddle View RANCH LLC,Vicki,Bazan,Female,Owner,Hispanic,2719 Thurston Rd,Frederick,MD,21704,Verified,(301) 831-8715,NULL,,Horses & Other Equines,"Less Than $500,000",C
Sam's Club,Jennifer,Pfier,Female,Manager,Western Europe,6410 Petrie Way,Baltimore,MD,21237,Verified,(410) 686-2683,Samsclub.Com,,Wholesale Clubs,$20-50 Million,A+
Sam's Club,Russell,Cando,Male,Manager,Hispanic,610 N Frederick Ave,Gaithersburg,MD,20877,Verified,(410) 686-2683,Samsclub.Com,,Wholesale Clubs,$20-50 Million,A+
Sam's Club,Richelle,Hewins,Female,Manager,African American,1700 Wesel Blvd,Hagerstown,MD,21740,Verified,(410) 686-2683,Samsclub.Com,,Wholesale Clubs,$20-50 Million,A+
Sam's Club,Deron,Cain,Male,Manager,African American,2365 Crain Hwy,Waldorf,MD,20601,Verified,(410) 686-2683,Samsclub.Com,,Wholesale Clubs,$20-50 Million,A+
Saval Foods Corp,Paul,Saval,Male,President,Hispanic,6740 Dorsey Rd,Elkridge,MD,21075,Verified,(410) 379-5100,Savalfoods.Com,,Sausages/Other Prepared Meat Prod (Mfrs),$50-100 Million,A+
Save-A-Lot Food Stores,Matt,Ross,Male,Manager,Western Europe,6836 Reisterstown Rd,Baltimore,MD,21215,Verified,(508) 646-4095,Savealot.Com,,Grocers-Retail,$2.5-5 Million,A
Schmidt Baking Co,Edgar,Flores,Male,Owner,Hispanic,7801 Fitch Ln,Baltimore,MD,21236,Verified,(410) 668-8200,Schmidtbaking.Com,,Bread/Other Bakery Prod-Ex Cookies,0,A+
Sizzle Number One Of Maryland,Natalia,Castro,Female,Manager,Hispanic,400 E Pratt St,Baltimore,MD,21202,Verified,(443) 885-9437,Nallijfresh.Com,,Restaurants,$1-2.5 Million,B
Sol & Mar Bakery & Carry Out,Luis,Garcia,Male,Owner,Hispanic,4612 Eastern Ave,Baltimore,MD,21224,Verified,(410) 558-2300,NULL,,Bakers-Retail,"Less Than $500,000",C+
Spagnvola Chocolatier,Eric,Reid,Male,CEO,Western Europe,360 Main St # 100,Gaithersburg,MD,20878,Verified,(240) 654-6972,Spagnvola.Com,,Chocolate & Cocoa-Manufacturers,$1-2.5 Million,B
Sudlersville Frozen Meat Lckr,Dwayne,Nickerson,Male,Owner,African American,204 E Main St,Sudlersville,MD,21668,Verified,(410) 438-3106,NULL,,Butchering (Whls),$2.5-5 Million,B+
Super Market Ventura,Maria,Gomez,Female,Owner,Hispanic,808 Baltimore Rd,Rockville,MD,20851,Verified,(301) 610-2009,Venturamarket.Com,,Grocers-Retail,"$500,000-1 Million",C+
Sweet Frog,Orly,Noutcha,Female,Site Manager,Uncoded,11211 New Hampshire Ave # A,Silver Spring,MD,20904,Verified,(301) 328-0457,Sweetfrog.Com,,Yogurt,"$500,000-1 Million",B+
Sysco Baltimore LLC,Peter,Baldwin,Male,Vice President,Western Europe,8000 Dorsey Run Rd,Jessup,MD,20794,Verified,(410) 799-7000,Sysco.Com,,Food Products (Whls),0,A+
Tic Gums,Pamela,Rutledge,Female,Partner,Western Europe,10552 Philadelphia Rd,White Marsh,MD,21162,Verified,(410) 273-7300,Ticgums.Com,,Beverages (Whls),$50-100 Million,A
Tienda Y Carniceria Los Cmpdrs,Teresa,Castillo,Female,Owner,Hispanic,2419 Crain Hwy,Waldorf,MD,20601,Verified,(301) 885-1107,NULL,,Butchering (Whls),$1-2.5 Million,B+
Tiramisu Bakery,Biscut,Fekade,Female,Owner,African American,7847 Eastern Ave,Silver Spring,MD,20910,Verified,(301) 563-6037,Tiramisubakery.Com,,Bakers-Wholesale,$2.5-5 Million,C+
Toluca Mexican Style Food,Paola,Garcia,Female,CEO,Hispanic,500 W Lexington St,Baltimore,MD,21201,Verified,(410) 685-7779,En.Tolucaproducts.Com,,Food Products (Whls),$20-50 Million,A
Triangle Quality Foods LLC,Alonso,Revilla,Male,President,Hispanic,1811 Cabin Branch Dr,Hyattsville,MD,20785,Verified,(301) 773-0012,Trianglequalityfoods.Com,,Dairy Products-Wholesale,$10-20 Million,B+
Triangle Quality Foods LLC,Luis,Lopez,Male,President,Hispanic,2306 51st Pl,Hyattsville,MD,20781,Verified,(301) 773-0012,Trianglequalityfoods.Com,,Dairy Products-Wholesale,$10-20 Million,B+
Tulkoff's Food Products Inc,Phil,Tulkoff,Male,Owner,Eastern European,2229 Van Deman St,Baltimore,MD,21224,Verified,(410) 327-6585,Tulkoff.Com,,Condiments & Sauces (Whls),$50-100 Million,A
Uncle Wendell's Gourmet Blends,Wendell,Mcpherson,Male,Owner,African American,3335 Teagarden Cir # 402,Silver Spring,MD,20904,Verified,(301) 844-8015,NULL,,Spices-Wholesale,$10-20 Million,C+
Vertical Optimization LLC,Emeka,Nwankwo,Male,Marketing,African American,817 Silver Spring Ave # 200,Silver Spring,MD,20910,Verified,(202) 370-6165,Vertical-Optimization.Com,,Agricultural Products,"Less Than $500,000",C+
Vineyard International LLC,Titilola,Caetano,,Owner,Hispanic,11009 Atwell Ave,Bowie,MD,20720,Verified,Not Available,NULL,,Vineyards,"Less Than $500,000",C+
Vineyards At Dodon LLC,Regina,Mc Carthy,Female,Director,Western Europe,391 Dodon Rd,Davidsonville,MD,21035,Verified,(410) 798-1126,Dodonvineyards.Com,,Wineries (Mfrs),$1-2.5 Million,B+
WEIS Markets,Matt,Drummond,Male,Vice President,Western Europe,7200 Holabird Ave,Dundalk,MD,21222,Verified,(410) 284-5555,Weismarkets.Com,,Grocers-Retail,$10-20 Million,A+
Wells Fargo Bank,Andrew,Bertamini,Male,President,Mediterranean,7 Saint Paul St # 1,Baltimore,MD,21202,Verified,(410) 468-2519,Wellsfargo.Com,,Banks,$5-10 Million,A+
Westcoast Mushrooms LLC,Abel,Gamboa,Male,Owner,Hispanic,627 Ebenezer Church Rd,Rising Sun,MD,21911,Verified,(410) 658-7804,NULL,,Mushrooms,"Less Than $500,000",C+
Wow Cow,Hermine,Nazarian,Female,President,Centl & SW Asian,5241 River Rd,Bethesda,MD,20816,Verified,(301) 652-6823,NULL,,Ice Cream Parlors,"Less Than $500,000",C
Yia Yia's Bakery,Eduardo,Suarez,Male,Director,Hispanic,9415 Philadelphia Rd,Rosedale,MD,21237,Verified,(410) 238-2253,Yiayiasbakery.Com,,Bakers-Retail,"Less Than $500,000",B+
Zunino Farms LLC,Thomas,Zunino,Male,Owner,Hispanic,95 Stoney Battery Rd Zunino Fa,Earleville,MD,21919,Verified,Not Available,NULL,,Farms,"Less Than $500,000",C+
