Company Name,Executive First Name,Executive Last Name,Executive Gender,Executive Title,Executive Ethnicity,Address,City,State,ZIP Code,Record Type,Phone Number,Website,Primary SIC Description,Location Sales Range,Credit Alpha Score
3rd Generation Enterprise,Marlen,Bracho,Female,Owner,Hispanic,11 New St # 1,Englewood Cliffs,NJ,7632,Verified,(201) 731-3382,NULL,Beverages (Whls),$5-10 Million,C+
A Gimenez Trading LLC,Melissa,Laserna,Female,CEO,Hispanic,5 Wegmann Way,Oak Ridge,NJ,7438,Verified,(973) 697-2240,Manilasihawan.Com,Food Products (Whls),$10-20 Million,B+
A Oliveri & Sons,Iggy,Depalma,Male,Owner,Mediterranean,4401 Dell Ave,North Bergen,NJ,7047,Verified,(201) 319-9112,Aoliveriandsons.Com,Food Brokers (Whls),$10-20 Million,A
Aak Foodservice USA,Anthony,Alves,Male,President,Hispanic,465 Hillside Ave,Hillside,NJ,7205,Verified,(908) 964-0477,Oasisfoods.Com,Condiments & Sauces-Manufacturers,$50-100 Million,A+
Acosta Sales & Marketing,Manny,Garcia,Male,Executive VP,Hispanic,3 University Plz # 24,Hackensack,NJ,7601,Verified,(201) 968-3600,Acosta.Com,Marketing Programs & Services,$1-2.5 Million,A
Advanced Bio Tech,James,Mulligan,Male,Owner,Western Europe,10 Taft Rd,Totowa,NJ,7512,Verified,(973) 339-6242,NULL,Biotechnology Products & Services,0,A
Agilex Fragrances,Raymond J,Hughes,Male,CEO,Western Europe,140 Centennial Ave,Piscataway,NJ,8854,Verified,(800) 542-7662,Agilexfragrances.Com,Perfumes Cosmetics/Toilet Preps (Mfrs),0,A+
Al Paso Food Ctr,Cocepciion,Magana,Male,Owner,Hispanic,2026 Bergenline Ave,Union City,NJ,7087,Verified,(201) 624-8242,NULL,Grocers-Retail,"Less Than $500,000",C
Albert's Organics Inc,Scott,Dennis,Male,President,Western Europe,1155 Commerce Blvd,Swedesboro,NJ,8085,Verified,(856) 241-9090,Albertsorganics.Com,Fruits & Vegetables-Wholesale,0,A+
Alexa Deli Meat Food Mkt Corp,Wilber A,Duran,Male,Manager,Hispanic,670 18th Ave,Irvington,NJ,7111,Verified,(973) 372-1496,NULL,Delicatessens-Wholesale,$2.5-5 Million,B
Algarve Fish Market,Antonio,Lorenco,Male,Owner,Hispanic,26 Center St,Elizabeth,NJ,7202,Verified,(908) 355-6363,Algarvefishmarket.Com,Seafood-Wholesale,$5-10 Million,B+
Allen Flavors Inc,Joseph,Allen,Male,Owner,Western Europe,230 Saint Nicholas Ave,South Plainfield,NJ,7080,Verified,(908) 561-5995,Allenflavors.Com,Flavoring Extracts-Manufacturers,$20-50 Million,A+
Allied Old English Inc,Fred C,Ross,Male,CEO,Western Europe,100 Markley St,Port Reading,NJ,7064,Verified,(732) 602-8955,Alliedoldenglish.Com,Canning (Mfrs),$20-50 Million,A
Allstate Produce Corp,Kamy,Maalizadeh,Female,President,Middle Eastern,333 Veterans Blvd,Carlstadt,NJ,7072,Verified,(201) 933-0020,Allstateproduce.Com,Fruits & Vegetables-Wholesale,$5-10 Million,B+
Alpha Liquor Store,Kucha,Culla,Male,Owner,Hispanic,1515 W Lake Ave,Neptune,NJ,7753,Verified,(732) 774-1360,NULL,Liquors-Retail,"$500,000-1 Million",B
Alpine Bakery Inc,Daniel,Torres,Male,Owner,Hispanic,521 30th St,Union City,NJ,7087,Verified,(201) 902-0605,NULL,Bakers-Wholesale,$10-20 Million,B+
Altamura Bakery,Rotolfo,Almazo,Male,Owner,Hispanic,12 W 48th St,Bayonne,NJ,7002,Verified,(201) 437-0022,NULL,Bakers-Retail,"Less Than $500,000",B
Amaro Food Enterprises Inc,Jose,Rey,Male,President,Hispanic,2011 8th St,North Bergen,NJ,7047,Verified,(201) 902-9994,Amarofoods.Com,Meat-Wholesale,$20-50 Million,A+
AMC Direct Inc,Roberto,Crespo,Male,Operations,Hispanic,800 Ellis Mill Rd,Glassboro,NJ,8028,Verified,(856) 243-5014,NULL,Fruits & Vegetables-Wholesale,$20-50 Million,A
America's Bakery,Henry,Roch,Male,Owner,Western Europe,32 Buffington Ave,Irvington,NJ,7111,Verified,(973) 372-0700,Americasbakery.Com,Bakers-Wholesale,$50-100 Million,A
American Bridge Co,Kwadwo,Akoto,Male,Vice President,African American,1 Bridge Plz N # 340,Fort Lee,NJ,7024,Verified,(201) 592-1200,Americanbridge.Net,Construction Companies,$2.5-5 Million,B
American Key Products Inc,Luis,Mansueto,Male,Manager,Hispanic,1 Reuten Dr # 2,Closter,NJ,7624,Verified,(201) 767-8022,NULL,General Merchandise-Retail,"$500,000-1 Million",C+
American Seafood Imports Inc,Raul,Delgado,Male,Director,Hispanic,600 Godwin Ave # 5,Midland Park,NJ,7432,Verified,(201) 568-2525,Americanseafoodimports.Com,Seafood-Wholesale,$10-20 Million,A
Anheuser-Busch Brewery,Chris,Ternet,Male,Director,Western Europe,200 US Highway 1 And 9,Newark,NJ,7114,Verified,(973) 645-7700,Anheuser-Busch.Com,Brewers (Mfrs),$1-2.5 Million,B
Aquariums By Jj,Javier,Perez,Male,Owner,Hispanic,55 Main St,Bloomingdale,NJ,7403,Verified,(973) 908-4951,NULL,Aquariums & Aquarium Supls,"Less Than $500,000",C+
Aquatrols Corp Of America,Tracy,Jarman,Female,CEO,Western Europe,1273 Imperial Way,West Deptford,NJ,8066,Verified,(856) 537-6003,Simpleturfsolutions.Com,Manufacturers,$1-2.5 Million,B+
Arla Foods Ingredients,Ramanujam,Kalathur,,Vice President,Uncoded,106 Allen Rd # 401,Basking Ridge,NJ,7920,Verified,(908) 604-8551,Arlausa.Com,Food Facilities-Consultants,$2.5-5 Million,B+
Arribanoir Chocolatie,Ramon,Recalde,Male,Manager,Hispanic,480 State Route 33 # 33,Millstone Township,NJ,8535,Verified,(732) 851-4815,NULL,Chocolate & Cocoa (Whls),$2.5-5 Million,B
Arvin Produce & Garden Ctr,Vincent,DE Stefano,Male,Owner,Hispanic,3535 US Highway 22,Somerville,NJ,8876,Verified,(908) 534-2646,Arvingarden.Com,Fruits & Vegetables-Wholesale,$2.5-5 Million,B
Aryzta LA Brea Bakery Inc,Patrick,Brannigan,Male,Vice President,Western Europe,11 Technology Dr # B,Swedesboro,NJ,8085,Verified,(856) 417-8100,Labreabakery.Com,Bakers-Wholesale,$500m - $1 Billion,A+
Atalanta Corp,George G,Gellert,Male,CEO,Western Europe,1 Atlanta Plz # 3,Elizabeth,NJ,7206,Verified,(908) 351-8000,Atalanta1.Com,Marketing Programs & Services,0,A+
Atlantic Tropical Markets,Max,Rodriguez,Male,Owner,Hispanic,351 8th St,Hoboken,NJ,7030,Verified,(201) 420-0551,NULL,Frozen Foods-Wholesale,$10-20 Million,B+
Automatic Rolls Of New Jersey,Jackie,Rivera,Female,HR Executive,Hispanic,1 Gourmet Ln,Edison,NJ,8837,Verified,(732) 549-2243,Nefoods.Com,Bakers-Retail,$5-10 Million,A+
B & B Poultry Co,Minet,Saldivar,,Manager,Hispanic,Almond Rd,Norma,NJ,8347,Verified,(856) 692-8893,NULL,Poultry Processing Plants (Mfrs),$20-50 Million,A+
B K Specialty Foods Inc,Jennifer,Gardner,Female,Manager,Western Europe,200 Eagle Ct,Swedesboro,NJ,8085,Verified,(856) 241-7364,NULL,Food Products (Whls),$10-20 Million,B+
Babco Foods,Robert,Vaz,Male,CEO,Hispanic,201 Circle Dr N # 115,Piscataway,NJ,8854,Verified,(732) 667-7577,Babcofoods.Com,Food Products (Whls),$10-20 Million,A
Baker's Perfection Inc,Pat,Amello Sr,Male,Owner,Hispanic,198 Green Pond Rd # 5,Rockaway,NJ,7866,Verified,(973) 983-0700,Bakersperfection.Com,Bakers-Wholesale,$10-20 Million,B+
Barbera Seafood Produce,Dominic,Alcaro,Male,Owner,Hispanic,2243 Arctic Ave,Atlantic City,NJ,8401,Verified,(609) 345-0671,NULL,Prepared Fish & Seafood Products (Mfrs),"$500,000-1 Million",B+
Bay State Milling Co,Brian,Miller,Male,Regional Mgr,Western Europe,404 Getty Ave,Clifton,NJ,7011,Verified,(973) 772-3400,Baystatemilling.Com,Milling (Mfrs),$50-100 Million,A
Benny's Gel Spices Distributor,Benny A,Tejeda,Male,Owner,Hispanic,12 Sanford St,Clifton,NJ,7011,Verified,(862) 273-1227,NULL,Spices-Wholesale,$5-10 Million,C
Bertolotti Inc,John,Camisa,Male,Owner,Hispanic,54 Industrial Ave,Fairview,NJ,7022,Verified,(201) 941-3116,NULL,Ice Cream & Frozen Desserts-Distr (Whls),$10-20 Million,B+
Best Foods,Kees,Kruythoff,Male,President,Western Europe,800 Sylvan Ave,Englewood Cliffs,NJ,7632,Verified,(201) 567-8000,Bestfoods.Com,Pickled Fruits/Vegs & Dressings (Mfrs),0,A+
Best Provision Co Inc,Floyd,Jason,Male,President,Western Europe,144 Avon Ave,Newark,NJ,7108,Verified,(973) 242-5000,NULL,Sausages/Other Prepared Meat Prod (Mfrs),$20-50 Million,A+
Beverage Works,Vito,Claps,Male,President,Mediterranean,10 Dwight Pl,Fairfield,NJ,7004,Verified,(973) 439-5700,NULL,Beverages (Whls),$50-100 Million,A
Beverage Works,Mark,Ponsiglione,Male,President,Mediterranean,101 Crawfords Corner Rd # 2301,Holmdel,NJ,7733,Verified,(973) 439-5700,NULL,Beverages (Whls),$50-100 Million,A
Beverage Works Inc,Paul,Martelloni,Male,Director,Uncoded,1709 State Route 34,Wall Township,NJ,7727,Verified,(732) 938-7600,Thebeverageworks.Com,Beverages (Whls),$5-10 Million,B
Beverage Works Ny Inc Distr,Rob,Falicito,Male,Mfg Exec,Hispanic,2211 Allenwood Rd,Wall Township,NJ,7719,Verified,(732) 938-5182,Thebeverageworks.Com,Fruit Juices (Whls),$50-100 Million,A
Biazzo Dairy Products Inc,John,Iapichino Jr,Male,President,Mediterranean,1145 Edgewater Ave,Ridgefield,NJ,7657,Verified,(201) 941-8579,Biazzo.Com,Cheese Processors (Mfrs),$50-100 Million,A
Bindi North America,Giacomo,Berretta,Male,Vice President,Mediterranean,630 Belleville Tpke,Kearny,NJ,7032,Verified,(973) 812-8118,Bindiusa.Com,Bakers-Wholesale,0,A
Bio Foods,Robert,Biesiada,Male,Manager,Hispanic,166 Manchester Pl,Newark,NJ,7104,Verified,(973) 485-3505,NULL,Food Products (Whls),$1-2.5 Million,C+
BJ'S Wholesale Club,Jeff,Fireman,Male,Director,Western Europe,1910 Deptford Center Rd,Deptford,NJ,8096,Verified,(856) 232-8880,Bjs.Com,Wholesale Clubs,$10-20 Million,A
BJ'S Wholesale Club,Jose,Rodriguez,Male,Director,Hispanic,300 State Rt 17,East Rutherford,NJ,7073,Verified,(856) 232-8880,Bjs.Com,Wholesale Clubs,$10-20 Million,A
BJ'S Wholesale Club,Timothy,Heeber,Male,Director,Uncoded,396 Marin Blvd,Jersey City,NJ,7302,Verified,(856) 232-8880,Bjs.Com,Wholesale Clubs,$10-20 Million,A
BJ'S Wholesale Club,Hairo,Trinadad,Male,Director,Hispanic,1001 E Edgar Rd,Linden,NJ,7036,Verified,(856) 232-8880,Bjs.Com,Wholesale Clubs,$10-20 Million,A
BJ'S Wholesale Club,Gina,Bisceglia,Female,Director,Mediterranean,131 E Kings Hwy,Maple Shade,NJ,8052,Verified,(856) 232-8880,Bjs.Com,Wholesale Clubs,$10-20 Million,A
BJ'S Wholesale Club,Toniann,Farinella,Female,Director,Mediterranean,2451 US Highway 1 # South,North Brunswick,NJ,8902,Verified,(856) 232-8880,Bjs.Com,Wholesale Clubs,$10-20 Million,A
BJ'S Wholesale Club,Hairo,Trinidad,Male,Director,Hispanic,1007 US Highway 9,Old Bridge,NJ,8857,Verified,(856) 232-8880,Bjs.Com,Wholesale Clubs,$10-20 Million,A
BJ'S Wholesale Club,Joanne,Kurz,Female,Director,Western Europe,30 N State Rt 17,Paramus,NJ,7652,Verified,(856) 232-8880,Bjs.Com,Wholesale Clubs,$10-20 Million,A
Black River Farm,Alicia,Madretzke,Female,Other,Hispanic,PO Box 338,Far Hills,NJ,7931,Verified,(908) 507-4055,Blackriverfarm.Biz,Farms,"Less Than $500,000",C
Breakthru Beverage New Jersey,Jon,Maslin,Male,CEO,Not Available,10 Patton Dr,West Caldwell,NJ,7006,Verified,(973) 228-5100,Breakthrubev.Com,Beverages (Whls),$100-500 Million,A
Breakwater Treatment-Wellness,Andrew,Zaleski,Male,General Mgr,Eastern European,2 Corporate Dr # E,Cranbury,NJ,8512,Verified,(732) 703-7300,NULL,Marijuana Growers/Cultivators,"Less Than $500,000",B
Bridor USA,Barry,Blick,Male,Director,Not Available,2260 Industrial Way,Vineland,NJ,8360,Verified,(856) 691-3839,Bridor.Com,Bakers-Wholesale,$2.5-5 Million,B
Brookside Farms,Greg,DE Stefano,Male,Owner,Hispanic,806 US Highway No 202,Neshanic Station,NJ,8853,Verified,(908) 782-6658,NULL,Farms,"Less Than $500,000",C+
Burger Maker Inc,David,Schweid,Male,Owner,Western Europe,666 16th St,Carlstadt,NJ,7072,Verified,(201) 939-0444,Schweidandsons.Com,Meat Products (Mfrs),$100-500 Million,A+
C & J Brothers,Camilo,Nunez,Male,Owner,Hispanic,235 W Railway Ave,Paterson,NJ,7503,Verified,(973) 684-4300,NULL,Grocers-Wholesale,$2.5-5 Million,B
C & S Wholesale Grocers Inc,Stephen,Syperski,Male,Director,Eastern European,160 Fieldcrest Ave # A,Edison,NJ,8837,Verified,(732) 225-0678,Cswg.Com,Grocers-Wholesale,$10-20 Million,B+
Campbell Soup Co,Mark A,Clouse,Male,CEO,Western Europe,1 Campbell Pl # Sw4,Camden,NJ,8103,Verified,(856) 342-4800,Campbellsoupcompany.Com,Food Products & Manufacturers,0,A+
Campbell Soup Co,James,Gilbert,Male,CEO,Western Europe,3 Executive Campus # 430,Cherry Hill,NJ,8002,Verified,(856) 342-4800,Campbellsoupcompany.Com,Food Products & Manufacturers,0,A+
Canada Dry Bottling Co,Kevin,Scullin,Male,Manager,Western Europe,11 Canale Dr,Egg Harbor Township,NJ,8234,Verified,(609) 645-7070,NULL,Bottlers (Mfrs),$20-50 Million,A
Caribe Food Market,Angela,Melo,Female,Manager,Hispanic,572 15th Ave,Newark,NJ,7103,Verified,(973) 286-0808,NULL,Grocers-Wholesale,$2.5-5 Million,B
Casas Inc,Antonio,Casas,Male,Owner,Hispanic,23 Lillian Ct,Ramsey,NJ,7446,Verified,(201) 934-6003,NULL,Food Brokers (Whls),$1-2.5 Million,C+
Catelli Brothers Inc,Anthony,Catelli,Male,Owner,Mediterranean,50 Ferry Ave,Camden,NJ,8103,Verified,(856) 869-9293,Catellibrothers.Com,Meat-Wholesale,$100-500 Million,A+
Central Avenue Liquors,Joseph,Stolz,Male,Owner,Western Europe,210 Central Ave,Jersey City,NJ,7307,Verified,(201) 792-1500,Centralavewines.Com,Liquors-Retail,$1-2.5 Million,B+
Chelten House Products Inc,Steve,Dabrow,Male,CEO,Uncoded,607 Heron Dr,Swedesboro,NJ,8085,Verified,(856) 467-1600,NULL,Pickled Fruits/Vegs & Dressings (Mfrs),$10-20 Million,A+
Chilangos,Leo,Cervantes,Male,Owner,Hispanic,272 Bay Ave,Highlands,NJ,7732,Verified,(732) 708-0505,Chilangosnj.Com,Restaurants,"Less Than $500,000",C+
Chipotle Mexican Grill,Marco,Gonzalez,Male,Manager,Hispanic,190 Passaic Ave # 6,Kearny,NJ,7032,Verified,(201) 998-0515,Chipotle.Com,Restaurants,$1-2.5 Million,B
Cibao Provisions Inc,Maria,Jimenez,Female,Owner,Hispanic,291 Hawthorne Ave,Newark,NJ,7112,Verified,(973) 642-0060,NULL,Meat-Wholesale,$2.5-5 Million,B+
Clement Pappas & Co Inc,Mark A,Mc Neil,Male,CEO,Western Europe,1 Collins Dr # 200,Penns Grove,NJ,8069,Verified,(856) 455-1000,NULL,Canning (Mfrs),$100-500 Million,A
Clemente Bakery,Donato,Clemente,Male,Other,Hispanic,120 Leuning St,South Hackensack,NJ,7606,Verified,(201) 488-2161,NULL,Bakers-Wholesale,$20-50 Million,A
CMC Food Inc,Michael C,Culley,Male,President,Western Europe,282 South Ave # 104,Fanwood,NJ,7023,Verified,(732) 382-5900,Thefarmershen.Net,Food Brokers (Whls),$10-20 Million,B+
Coda Rossa,Kathy I,Nice,Female,Owner,Western Europe,1526 Dutch Mill Rd,Franklinville,NJ,8322,Verified,(732) 267-0434,Codarossa.Com,Wineries (Mfrs),$1-2.5 Million,B+
Coffee Bean Direct,Andrew,Esserman,Male,Owner,Western Europe,843 State Route 12 # B10,Frenchtown,NJ,8825,Verified,(908) 788-7805,Coffeebeandirect.Com,Coffee & Tea-Wholesale,$2.5-5 Million,B
Community Mini Market Inc,Ramon,Rodriguez,Male,Owner,Hispanic,59 Georges Rd,New Brunswick,NJ,8901,Verified,(732) 828-4111,NULL,Convenience Stores,"Less Than $500,000",C+
Conchita Foods Inc,Alejandro,Fernandez,Male,Manager,Hispanic,1 Frassetto Way,Lincoln Park,NJ,7035,Verified,(973) 696-9925,NULL,Food Products (Whls),$10-20 Million,B+
Connell Mining Products LLC,Grover,Connell,Male,CEO,Western Europe,300 Connell Dr # 4000,Berkeley Heights,NJ,7922,Verified,(908) 673-3700,NULL,Real Estate,$10-20 Million,A+
Continental Cookies,Stefan,Gavosto,Male,Owner,Hispanic,185 S Newman St,Hackensack,NJ,7601,Verified,(201) 498-1966,Continentalcookies.Com,Cookies & Crackers-Manufacturers,$2.5-5 Million,B
Continental Food & Beverage,Liz,Berman,Female,President,Not Available,495 River Rd,Clifton,NJ,7014,Verified,(973) 815-1600,NULL,Beverages (Whls),$5-10 Million,B+
Corim Coffee Roaster,Shlomo,Teren,Male,Owner,Western Europe,1112 Industrial Pkwy,Brick,NJ,8724,Verified,(732) 840-1670,Corimindustries.Com,Coffee Mills (Mfrs),$10-20 Million,A+
Corola Food Market,Jose,Peraleta,Male,Owner,Hispanic,627 N Clinton Ave,Trenton,NJ,8638,Verified,(609) 599-0078,NULL,Grocers-Wholesale,$5-10 Million,A
Corrado Farms,Joseph,Corrado,Male,Owner,Hispanic,671 Mount Bethel Rd,Hackettstown,NJ,7840,Verified,(908) 637-4644,NULL,Farms,"$500,000-1 Million",B
Corrado's,Gerald,Corrado,Male,Owner,Hispanic,1578 Main Ave # 3,Clifton,NJ,7011,Verified,(973) 340-8590,Corradosmarket.Com,Fruits & Vegetables & Produce-Retail,$20-50 Million,A
Costco Wholesale,Victor,Curtis,Male,Senior VP,Western Europe,100 Grand Ave,North Brunswick,NJ,8902,Verified,(732) 509-3905,Costco.Com,Wholesale Clubs,$20-50 Million,A
Costco Wholesale,Victor,Curtis,Male,Senior VP,Western Europe,315 State Route 15 N,Wharton,NJ,7885,Verified,(732) 509-3905,Costco.Com,Wholesale Clubs,$20-50 Million,A
Country Fresh Foods,James,Miranda,Male,Owner,Hispanic,3538 US Highway 9,Howell,NJ,7731,Verified,(732) 905-3343,NULL,Meat-Retail,$1-2.5 Million,B+
Cristal Market LLC,Rafael G,Rodriguez Chec,Male,President,Hispanic,419 E Main St,Bound Brook,NJ,8805,Verified,(732) 302-3049,NULL,Grocers-Retail,"Less Than $500,000",C
Cuba Bakery,Jose,Bazan,Male,Owner,Hispanic,665 Mount Prospect Ave,Newark,NJ,7104,Verified,(973) 483-7280,NULL,Bakers-Wholesale,$5-10 Million,B+
Cuba Bakery,Jose,Perez,Male,Owner,Hispanic,1219 Summit Ave # A,Union City,NJ,7087,Verified,(973) 483-7280,NULL,Bakers-Wholesale,$5-10 Million,B+
Cuisine Innovations LLC,Yenny,Franco,Female,Manager,Hispanic,180 Lehigh Ave # 1,Lakewood,NJ,8701,Verified,(732) 730-2099,Cuisineinnovations.Com,Frozen Foods-Wholesale,$10-20 Million,B+
Cumberland Dairy,David,Catalana,Male,Vice President,Mediterranean,899 Landis Ave,Rosenhayn,NJ,8352,Verified,(856) 451-1300,Cumberlanddairy.Com,Dairies (Milk),0,A
Cupcakes By Carousel,Melissa,Giron,Female,Site Manager,Hispanic,31 N Dean St,Englewood,NJ,7631,Verified,(201) 608-5092,Cupcakesbycarousel.Com,Bakers-Wholesale,$10-20 Million,B+
D'Artagnan,Andrew,Wertheim,Male,CEO,Western Europe,600 Green Ln,Union,NJ,7083,Verified,(973) 344-0565,Dartagnan.Com,Poultry-Wholesale,$100-500 Million,A+
Dambrisi Foods,Antony,Giordano,Male,Owner,African American,280 West Ave,Long Branch,NJ,7740,Verified,(732) 229-7707,Dambrisifoods.Com,Meat-Wholesale,$10-20 Million,A
De Piero's Greenhouse WHOL,Glen,DE Piero,Male,Owner,Hispanic,156 Summit Ave,Montvale,NJ,7645,Verified,(201) 930-8678,NULL,Fruits & Vegetables & Produce-Retail,"Less Than $500,000",C+
De Stefano Foods,Chris,DE Stefano,Male,President,Hispanic,561 Jersey Ave,New Brunswick,NJ,8901,Verified,(732) 296-6740,Destefanofoods.Com,Food Products (Whls),$20-50 Million,A
Dean's Natural Food Market,Dean,Nelson,Male,Owner,Western Europe,1119 State Route 35,Ocean,NJ,7712,Verified,(732) 517-1515,Deansnaturalfoodmarket.Com,Grocers-Retail,$2.5-5 Million,A
Deep Foods Inc,Arvind,Amin,Male,Owner,Middle Eastern,1090 Springfield Rd # 1,Union,NJ,7083,Verified,(908) 810-7500,NULL,Food Products (Whls),$100-500 Million,A+
Dimatteo Vineyards,Frank,DE Matteo,Male,Manager,Hispanic,951 8th St,Hammonton,NJ,8037,Verified,(609) 704-1414,Dimatteowinery.Net,Wineries (Mfrs),"Less Than $500,000",B
Dingmans Dairy,Ann Marie,Belasco,Female,Owner,Eastern European,18 Alabama Ave # 20,Paterson,NJ,7503,Verified,(973) 881-8622,Dingmansdairy.Biz,Dairy Products-Wholesale,$20-50 Million,B+
Discos Pepe,Maria,Rosendo,Female,President,Hispanic,415 63rd St,West New York,NJ,7093,Verified,(201) 854-6400,Discospepe.Com,Frozen Foods-Wholesale,$5-10 Million,B+
Dole Fresh Fruit Co,Cindy,Nunes,Female,Executive VP,Hispanic,2001 US Highway 46 # 204,Parsippany,NJ,7054,Verified,(973) 299-6383,Dole.Com,Fruits & Vegetables-Growers & Shippers,$20-50 Million,A+
Dora's Natural,Cyrus,Schwartz,Male,President,Not Available,21 Empire Blvd,South Hackensack,NJ,7606,Verified,(201) 641-8330,Dorasnaturals.Com,Distribution Services,$20-50 Million,B+
Dorno Inc,Helen,Vargas,Female,Manager,Hispanic,513 Summit Ave # A,Union City,NJ,7087,Verified,(201) 325-0990,NULL,Restaurants,"Less Than $500,000",B
Driscoll Foods,Tim,Driscoll,Male,President,Western Europe,174 Delawanna Ave,Clifton,NJ,7014,Verified,(973) 672-9400,Driscollfoods.Com,Food Products-Manufacturers Equip (Whls),$20-50 Million,A
Du Food Farm Corp,Juan L,Arias,Male,Manager,Hispanic,446 North Ave,Dunellen,NJ,8812,Verified,Not Available,NULL,Farms,"Less Than $500,000",C
E B Express Provisions,Roy,Lopes,Male,CEO,Hispanic,181 Vanderpool St,Newark,NJ,7114,Verified,(973) 624-5703,Ebexpressprovisions.Com,Grocers-Wholesale,$20-50 Million,A+
Eagle Nutritionals,Marlon,Durham,Male,Owner,Western Europe,485 Washington Ave,Carlstadt,NJ,7072,Verified,(201) 964-1441,Eaglenutri.Com,Health Food Products-Manufacturers,$5-10 Million,A
East Side Grocery,Espejo,Miguel,Male,Owner,Hispanic,462 10th Ave,Paterson,NJ,7514,Verified,(973) 523-6670,NULL,Grocers-Wholesale,$2.5-5 Million,B
Eastern Fish Co,Eric,Bloom,Male,Owner,Scandinavian,300 Frank W Burr Blvd # 30,Teaneck,NJ,7666,Verified,(201) 801-0800,Easternfish.Com,Fish & Seafood-Brokers (Whls),0,A+
Edible Arrangements,Melson,Perez,Male,Owner,Hispanic,134 Elmora Ave,Elizabeth,NJ,7202,Verified,(908) 558-1010,Ediblearrangements.Com,Fruit Baskets-Gift,"$500,000-1 Million",B+
Edible Arrangements,Paul,Marchal,Male,Owner,Hispanic,100 Mckinley Ave # 8,Manahawkin,NJ,8050,Verified,(908) 558-1010,Ediblearrangements.Com,Fruit Baskets-Gift,"$500,000-1 Million",B+
El Salvador Inc,Jose,Rosales,Male,Manager,Hispanic,497 Mercer St,Jersey City,NJ,7306,Verified,(201) 479-8876,NULL,Restaurants,"Less Than $500,000",C
Elliott Beverage Co,Vince,Di Lorenzo,Male,Owner,Mediterranean,573 Union Ave,Bridgewater,NJ,8807,Verified,(732) 356-0273,Elliottbeverages.Com,Liquors-Retail,$2.5-5 Million,A
Ely's Aquatic Farms,Steve,Elias,Male,Owner,Hispanic,326 Columbia Tpke,Florham Park,NJ,7932,Verified,(973) 377-0570,Elysfish.Com,Tropical Fish-Retail,"Less Than $500,000",C
Emily's Creation Chocolate,Anjelica,Hernandez,Female,Owner,Hispanic,112 Franklin St,Belleville,NJ,7109,Verified,(973) 751-2694,Bellevillechocolatestore.Com,Chocolate & Cocoa (Whls),$1-2.5 Million,U
Esm Ferolie,Antony,Ferolie,Male,CEO,African American,2 Van Riper Rd,Montvale,NJ,7645,Verified,(201) 307-9100,Esmferolie.Com,Marketing Consultants,0,A
Exeltis USA Inc,Everett,Felper,Male,President,Western Europe,180 Park Ave # 101,Florham Park,NJ,7932,Verified,(973) 324-0200,Exeltis.Com,Drug Millers (Mfrs),$50-100 Million,A
Exp Group,Jorge,Acosta,Male,President,Hispanic,2500 83rd St # 2w,North Bergen,NJ,7047,Verified,(201) 662-1254,Expgroup.Us,Fruits & Vegetables & Produce-Retail,"$500,000-1 Million",B+
Express Seafood Inc,Mel,Moronta,Male,Owner,Hispanic,30 Ruta Ct,South Hackensack,NJ,7606,Verified,(201) 440-0541,NULL,Fish & Seafood-Brokers (Whls),$10-20 Million,B+
F & S Produce Co Inc,Sam,Pipitone Jr,Male,President,Mediterranean,913 Bridgeton Ave,Rosenhayn,NJ,8352,Verified,(856) 453-0316,Freshcutproduce.Com,Garlic (Mfrs),$20-50 Million,A
Fairfield Gourmet Food Corp,Ari,Margulies,Male,Owner,Not Available,11 Cliffside Dr,Cedar Grove,NJ,7009,Verified,(973) 571-4171,Davidscookies.Com,Bread/Other Bakery Prod-Ex Cookies,0,A+
Family Food Distributors Inc,John,Rivas,Male,President,Hispanic,969 Newark Tpke,Kearny,NJ,7032,Verified,(201) 997-7689,Familyfooddist.Net,Distribution Services,$1-2.5 Million,B+
Farmland Fresh Dairies LLC,Wayne,Richman,Male,Vice President,Not Available,802 Bergen St,Newark,NJ,7108,Verified,(973) 961-2500,Farmlandmilk.Com,Dairies (Milk),$5-10 Million,B+
FCC Products Inc,Gerard,Woods,Male,President,Western Europe,106 Naylon Ave,Livingston,NJ,7039,Verified,(973) 535-3300,NULL,Health Food Products-Wholesale,$20-50 Million,A
Fedway Associates,Tom,Peters,Male,Vice President,Western Europe,204 E Park Dr # 100,Mount Laurel,NJ,8054,Verified,(973) 624-6444,NULL,Distribution Services,$5-10 Million,A
Fejo Distribution LLC,Fernando,Ramires,Male,President,Hispanic,1580 E Edgar Rd,Linden,NJ,7036,Verified,(908) 290-3550,NULL,Bakers-Wholesale,$5-10 Million,B
Fernando's Bakery,Fernando,Inahuazo,Male,Owner,Hispanic,5 Sherman St,Linden,NJ,7036,Verified,(908) 925-0032,Fernandosbakery.Com,Bakers-Retail,$2.5-5 Million,A
Ferraro Foods Inc,Michael,Giammarino,Male,Owner,Mediterranean,287 S Randolphville Rd,Piscataway,NJ,8854,Verified,(732) 424-3400,Ferrarofoods.Com,Food Products (Whls),$100-500 Million,A+
Firmenich Inc,Johan,Firmenich,Male,President,Western Europe,150 Firmench Way,Newark,NJ,7114,Verified,(973) 491-2780,Firmenich.Com,Flavoring Extracts (Whls),$10-20 Million,B+
Flavor Materials Intl,Paul,Ahn,Male,President,Far Eastern,10 Engelhard Ave,Avenel,NJ,7001,Verified,(732) 499-9700,Flavormaterials.Com,Flavoring Extracts-Manufacturers,$10-20 Million,A+
Flavor Materials Intl,Ian,Gorenstin,Male,President,Uncoded,700 Gotham Pkwy # 4,Carlstadt,NJ,7072,Verified,(732) 499-9700,Flavormaterials.Com,Flavoring Extracts-Manufacturers,$10-20 Million,A+
Food & Beverage Inc,Luis,Febus,Male,Director,Hispanic,100 Hollister Rd,Teterboro,NJ,7608,Verified,(201) 462-9570,Chriscookies.Com,Beverages (Whls),$5-10 Million,B
Foods By George,George,Chookazian,Male,Owner,Centl & SW Asian,3 King St,Mahwah,NJ,7430,Verified,(201) 684-0333,Foodsbygeorge.Com,Bread/Other Bakery Prod-Ex Cookies,"Less Than $500,000",B
Fratt Inc,Hakan,Bas,Male,Owner,Native American,378 Bergen Blvd # 204,Fairview,NJ,7022,Verified,(201) 414-5666,NULL,Bakers-Wholesale,$20-50 Million,A
Fresh Cut Produce LLC,Harold,Miller,Male,Vice President,Western Europe,59 Joseph St,Newark,NJ,7105,Verified,(973) 274-6300,Freshcutpro.Com,Fruits & Vegetables-Wholesale,$100-500 Million,A+
Freshicas Juice Bar,Jessica,Dalmedo,Female,Owner,Hispanic,93 Black Point Rd,Rumson,NJ,7760,Verified,(732) 788-9980,Freshicasjuicebar.Com,Juice Bars,"Less Than $500,000",C+
Freshpet Inc,Scott,Morris,Male,President,Western Europe,400 Plaza Dr # 1,Secaucus,NJ,7094,Verified,(201) 520-4000,Freshpet.Com,Pet Supplies & Foods-Retail,0,A
Fruitilandia,Isle K,Martinez,Female,Owner,Hispanic,357 Monroe St,Passaic,NJ,7055,Verified,(973) 246-7366,NULL,Restaurants,"Less Than $500,000",C+
George E Assadourian Inc,Mike,Assadourian,Male,Owner,Centl & SW Asian,355 Anderson Ave,Fairview,NJ,7022,Verified,(201) 941-5662,Lahmajun.Com,Food Products & Manufacturers,$1-2.5 Million,B
Gerber Products Co,Kevin,Goldberg,Male,Vice President,Not Available,12 Vreeland Rd # 2,Florham Park,NJ,7932,Verified,(973) 593-7599,Gerber.Com,Baby Food (Whls),0,A+
Ginsburg Bakery,Dan,Mulloy,Male,CFO,Western Europe,151 Benigno Blvd,Bellmawr,NJ,8031,Verified,(609) 345-2265,Ww12.Ginsburgbakery.Com,Bread/Other Bakery Prod-Ex Cookies,$10-20 Million,A+
Givaudan Flavors Corp,Sacha,Kazan,Female,Director,Western Europe,245 Merry Ln,East Hanover,NJ,7936,Verified,(973) 386-9800,Givaudan.Com,Flavoring Extracts & Syrups NEC (Mfrs),$100-500 Million,A+
Golden Chicken,George,Hernandez,Male,Manager,Hispanic,50 E State St # 6,Trenton,NJ,8608,Verified,(609) 695-2696,NULL,Restaurants,"Less Than $500,000",C+
Gourmet Foods,Alfred,Fuchs,Male,Partner,Western Europe,25 Andrews Dr # 2,Woodland Park,NJ,7424,Verified,(973) 237-1776,Gourmetfoodsinc.Com,Food Products & Manufacturers,$10-20 Million,A+
Goya Foods Inc,Robert I,Unanue,Male,President,Hispanic,350 County Rd,Jersey City,NJ,7307,Verified,(201) 348-4900,Goya.Com,Food Products (Whls),0,A+
Grape Beginnings Hands On Wnry,Ryan,Martinez,Male,Owner,Hispanic,151 Industrial Way E # B2,Eatontown,NJ,7724,Verified,(732) 380-7356,NULL,Wines-Retail,$1-2.5 Million,B+
Great American Veal Co Inc,Zarko,Grgas,Male,President,Eastern European,50 Avenue L # 5,Newark,NJ,7105,Verified,(973) 589-6363,NULL,Meat Packers (Mfrs),$20-50 Million,A+
Great Garlic Foods,Joe,DE Santis,Male,Owner,Hispanic,709 5th Ave,Bradley Beach,NJ,7720,Verified,(732) 775-3311,Uniregistry.Com,Food Products & Manufacturers,$1-2.5 Million,B+
Greenland Dairy,Jose,Rojas,Male,Manager,Hispanic,20 W End Rd # 1,Totowa,NJ,7512,Verified,(973) 837-6798,NULL,Dairy Products-Retail,"Less Than $500,000",C
Greenleaf Compassion Ctr,Julio,Valentin,Male,CEO,Hispanic,395 Bloomfield Ave,Montclair,NJ,7042,Verified,(973) 337-5670,Greenleafcompassion.Com,Marijuana Growers/Cultivators,"Less Than $500,000",C+
H Lopes Co,Hermino N,Lopes,Male,President,Hispanic,304 Walnut St,Newark,NJ,7105,Verified,(973) 344-3063,NULL,Meat-Wholesale,$5-10 Million,A
Happy Orchard,Efren,Mateo,Female,Manager,Hispanic,131 W Commercial Ave,Moonachie,NJ,7074,Verified,(201) 559-5635,Thehappyorchard.Com,Orchards,"$500,000-1 Million",C+
Harmony Ridge Farm-Campground,Ed,Risdon,Male,Owner,Hispanic,23 Risdon Dr,Branchville,NJ,7826,Verified,(973) 948-4941,Harmonyridgefarmandcampground.Com,Campgrounds,$1-2.5 Million,B
Hartz Mountain Corp,Frank,Cursi,Male,Vice President,Mediterranean,400 Plaza Dr # 400,Secaucus,NJ,7094,Verified,(201) 271-4800,Hartz.Com,Dog & Cat Food (Mfrs),0,A
Heritage Distributors Intl,Elizabeth,Mensah,Female,Owner,African American,78 Empire St,Newark,NJ,7114,Verified,(973) 622-4406,NULL,Grocers-Wholesale,$5-10 Million,B+
Hernandez Beef & Provisions,Oscar,Hernandez,Male,President,Hispanic,635 Henry St,Elizabeth,NJ,7201,Verified,(908) 352-8300,Hernandezbeef.Com,Meat Jobbers (Whls),$20-50 Million,A
Herr Foods Inc,William,Esolda,Male,Manager,Hispanic,790 New Brunswick Rd,Somerset,NJ,8873,Verified,(732) 356-1295,Herrfoods.Com,Potato Chips Corn Chips/Snacks (Mfrs),$20-50 Million,A+
Holland Greenhouses,Casey,Jansen,Male,Owner,Scandinavian,939 State Route 33 W,Monroe Township,NJ,8831,Verified,(609) 448-9222,Hollandgreenhousesinc.Com,Greenhouses,$1-2.5 Million,A+
Home Style Bakery,Thomas,Nyarko,Male,Manager,African American,142 Watsessing Ave,Bloomfield,NJ,7003,Verified,(973) 337-5889,NULL,Bakers-Wholesale,$2.5-5 Million,B
House Of Grace,Ozie,Pela,,Other,Hispanic,5337 Marlton Pike,Pennsauken,NJ,8109,Verified,(856) 486-4500,Hogchurch.Org,Churches,0,I
Ideal Fish & Seafood Co Inc,Ryan,Seabra,Male,Manager,Hispanic,93 New York Ave,Newark,NJ,7105,Verified,(973) 589-5337,NULL,Seafood-Wholesale,$10-20 Million,B+
Ideal Fish Market Inc,Julio,Pereira,Male,Owner,Hispanic,32 Pacific St,Newark,NJ,7105,Verified,(973) 589-5337,NULL,Seafood-Wholesale,$5-10 Million,B+
Innophos,Eugene,Lepelletier,Male,Vice President,Western Europe,72 Deforest Ave,East Hanover,NJ,7936,Verified,(973) 808-5900,Novelingredient.Com,Milling (Mfrs),$50-100 Million,A
Integrated Biopharma Inc,Christina,Kay,Female,CEO,Western Europe,225 Long Ave # 15,Hillside,NJ,7205,Verified,(973) 926-0816,Ibiopharma.Com,Health Food Products-Wholesale,0,A+
Integrity Propagation LLC,Lee,Abbott,Male,President,Western Europe,1 Speedwell Rd,Chatsworth,NJ,8019,Verified,(609) 997-0309,Integritypropagation.Com,Cranberry Growers,"Less Than $500,000",C+
International Flavors-Frgrncs,Ramon,Domingo,Male,Vice President,Hispanic,150 Docks Corner Rd,Dayton,NJ,8810,Verified,(732) 329-4600,NULL,Flavoring Extracts-Mfrs Supls (Mfrs),$500m - $1 Billion,A+
International Flavors-Frgrncs,Mark,Dewis,Male,Vice President,Western Europe,1515 State Route 36,Union Beach,NJ,7735,Verified,(732) 329-4600,NULL,Flavoring Extracts-Mfrs Supls (Mfrs),$500m - $1 Billion,A+
Interstate Caterers,Jorge,Amorim,Male,Sales,Hispanic,2101 Parker Ave,South Plainfield,NJ,7080,Verified,(908) 822-0500,Interstatecaterers.Com,Caterers,$1-2.5 Million,A
Interstate Connecting Cmpnents,Scott,Jacobs,Male,President,Western Europe,100c Mount Holly By Pass,Lumberton,NJ,8048,Verified,(888) 881-5420,Connecticc.Com,Connectors-Electric-Manufacturers,0,A+
Ise America Inc,Orlando,Santiago,Male,Manager,Hispanic,110 Good Springs Rd,Broadway,NJ,8808,Verified,(908) 454-4148,Ise.Com,Eggs (Whls),$50-100 Million,A+
J & J Sales Co,Hector,Garcia,Male,Owner,Hispanic,210 Malapardis Rd # 206,Cedar Knolls,NJ,7927,Verified,(973) 257-0440,Jj-Sales.Com,Food Brokers (Whls),$10-20 Million,B+
J & J Snack Foods,Bill,Dougherty,Male,Vice President,Western Europe,361 Benigno Blvd # A,Bellmawr,NJ,8031,Verified,(856) 933-3597,NULL,Food Products & Manufacturers,$20-50 Million,A+
J C Produce Distributor,Juan,Garcia,Male,Owner,Hispanic,227 Miller St # 229,Newark,NJ,7114,Verified,(973) 565-9739,Jctropicals.Com,Distribution Services,$2.5-5 Million,B+
Jersey Dairy Express,Carlos,Coelho,Male,Owner,Hispanic,527 Pennsylvania Ave,Elizabeth,NJ,7201,Verified,(908) 659-9696,Jerseydairyfarms.Com,Dairies (Milk),$1-2.5 Million,B
Jersey Pickles,Rogelio A,Morales Morale,Male,Owner,Hispanic,181 Fort Lee Rd # 2b,Teaneck,NJ,7666,Verified,(201) 737-8499,Jerseypickles.Com,Pickles & Pickle Products-Wholesale,$2.5-5 Million,C
Jetro,Nicholas,Altamura,Male,Manager,Mediterranean,1 Amity St,Jersey City,NJ,7304,Verified,(201) 434-4334,Restaurantdepot.Com,Grocers-Wholesale,$100-500 Million,A+
Johanna Foods Inc,Robert A,Facchina,Male,Owner,Mediterranean,1 Johanna Farms Rd,Ringoes,NJ,8551,Verified,(908) 788-3120,Johannafoods.Com,Frozen Fruit/Fruit Juices/Vegs (Mfrs),$100-500 Million,A+
Jolin Foods Inc,Joseph,Tabatchnick,Male,Owner,Uncoded,630 N Michigan Ave,Kenilworth,NJ,7033,Verified,(908) 686-1988,Jolinfoods.Com,Food Products (Whls),$20-50 Million,A
Juquila,Alba,Gonzalez,Female,Manager,Hispanic,106 Shrewsbury Ave,Red Bank,NJ,7701,Verified,(732) 383-5571,NULL,Grocers-Retail,"Less Than $500,000",C
Kalustyan,Luis,Ortiz,Male,Manager,Hispanic,1835 Burnet Ave # B,Union,NJ,7083,Verified,(908) 688-8492,NULL,Spices-Wholesale,$10-20 Million,B+
Kash's Farm,John,Kasharian,Male,Owner,Centl & SW Asian,181 Petersburg Rd # Rd4,Hackettstown,NJ,7840,Verified,(908) 852-0570,NULL,Farms,"Less Than $500,000",B
Key Food Stores Co-Op Inc,Dean,Janeway,Male,CEO,Western Europe,100 Matawan Rd # 100,Matawan,NJ,7747,Verified,(848) 202-3100,Keyfood.Com,Grocers-Retail,0,A+
Kohler Distributing Co,Gary,Graham,Male,President,Western Europe,150 Wagaraw Rd,Hawthorne,NJ,7506,Verified,(973) 423-2307,Kohlerdistributing.Co,Beer & Ale-Wholesale,$100-500 Million,A+
Krauses Candies,Nicole,Cinquegrana,Female,Owner,Hispanic,50 Bergen Blvd,Fairview,NJ,7022,Verified,(201) 943-4790,NULL,Candy & Confectionery-Retail,"$500,000-1 Million",B+
Kupelian Foods Inc,Yervant,Kupelian,Male,Owner,Centl & SW Asian,146 Bergen Tpke,Ridgefield Park,NJ,7660,Verified,(201) 440-8055,Kupelianfoods.Com,Engineers-Meat Packing & Food Processing,$1-2.5 Million,B+
L & S Chocolates,Sandy,Nunes,Female,Owner,Hispanic,103 E Main St,Maple Shade,NJ,8052,Verified,(856) 482-6926,Thecandyladies.Com,Candy & Confectionery-Retail,"Less Than $500,000",C+
L A Piccirillo Inc,Joann,D'Orazio,Female,Owner,Hispanic,10 Richards St,Newark,NJ,7105,Verified,(973) 589-8078,Danielcorp.Com,Beer & Ale-Wholesale,$20-50 Million,A+
LA Bella Mozzarella,James,Miller,Male,Owner,Western Europe,15 Arlington Ave,Kearny,NJ,7032,Verified,(201) 997-1737,Labellamozzarella.Com,Dairy Farms,"$500,000-1 Million",C+
LA Mixteca,Guillramo,Iglesias,Male,Owner,Hispanic,216 Midland Ave # A,Saddle Brook,NJ,7663,Verified,(551) 444-6600,Tortillasmixteca.Com,Tortillas (Whls),$5-10 Million,B
Lacas Coffee Co Inc,Jonathan,Del Re,Male,CEO,Hispanic,7950 National Hwy # A,Pennsauken,NJ,8110,Verified,(856) 910-8662,Lacascoffee.Com,Coffee & Tea Products-Manufacturers,$5-10 Million,A+
Lafortaleza,Manuela,Ortega,Female,Owner,Hispanic,32 Market St,Passaic,NJ,7055,Verified,(973) 405-6870,NULL,Restaurants,"Less Than $500,000",B
Lamonica Fine Foods,Danny,LA Vecchia,Male,Owner,Hispanic,48 Gorton Rd,Millville,NJ,8332,Verified,(856) 506-0010,NULL,Canned Specialties (Mfrs),$10-20 Million,A
Larosa Bakery Inc,Sal,LA Rosa,Male,Owner,Hispanic,79 Newman Springs Rd E,Shrewsbury,NJ,7702,Verified,(732) 842-2592,Ecannoli.Com,Wedding Supplies & Services,$2.5-5 Million,A
Leo Grocery,Andres,Hernandez,Male,Owner,Hispanic,199 Summer Ave,Newark,NJ,7104,Verified,(973) 481-2408,NULL,Grocers-Wholesale,$5-10 Million,B+
Liberty Richter,Pepper,Bynum,Female,Director,Western Europe,1455 Broad St,Bloomfield,NJ,7003,Verified,(973) 338-0300,Worldfiner.Com,Marketing Programs & Services,0,B+
Lollicup,Luis,Anezcua,Male,Owner,Hispanic,140 Meister Ave,Branchburg,NJ,8876,Verified,(732) 827-5816,Lollicupusa.Com,Paper & Plastic Cups Containers Etc-Mfrs,0,A+
Lorenzo Food Group,Joseph,Lorenzo,Male,President,Hispanic,196 Coolidge Ave,Englewood,NJ,7631,Verified,(201) 868-9088,Lorenzofoodgroup.Com,Food Products (Whls),$10-20 Million,A
Los Ranchos,Yoel,Machado,Male,Manager,Hispanic,434 Elizabeth Ave,Elizabeth,NJ,7206,Verified,(908) 351-8888,NULL,Meat-Wholesale,$10-20 Million,B+
"Lucero, Manuel",Manuel,Lucero,Male,0,Hispanic,861 N Pearl St,Bridgeton,NJ,8302,Verified,(856) 455-1696,NULL,Tortillas (Whls),$2.5-5 Million,C+
M V Foods,Martin,Valderrama,Male,Owner,Hispanic,300 Heron Dr,Swedesboro,NJ,8085,Verified,(856) 803-1269,Rastellifoodsgroup.Com,Food Brokers (Whls),$5-10 Million,B+
Mamamancini's Holdings Inc,Carl,Wolf,Male,CEO,Western Europe,25 Branca Rd,East Rutherford,NJ,7073,Verified,(201) 531-1212,Mamamancinis.Com,Food Products & Manufacturers,0,B+
Man Wholesale,Amado,Banos,Male,Owner,Hispanic,1110 13th St # 3,North Bergen,NJ,7047,Verified,(201) 865-8114,NULL,Grocers-Wholesale,$2.5-5 Million,B
Mane USA,Michel,Mane,Male,CEO,Hispanic,339 Jefferson Rd # 2,Parsippany,NJ,7054,Verified,(973) 633-5533,Mane.Com,Flavoring Extracts-Manufacturers,0,A+
Marie's Lobster House,Silvio,Romano,Male,President,Hispanic,4304 Park Rd,Sea Isle City,NJ,8243,Verified,(609) 263-8812,Mariesseafood.Com,Restaurants,"$500,000-1 Million",B+
Mary's Bakery,Zorilda,Vanegas,Female,Owner,Hispanic,6813 Park Ave,West New York,NJ,7093,Verified,(201) 869-8791,NULL,Bakers-Wholesale,$2.5-5 Million,B
Mascott Corp,Scott M,Gillman,Male,CEO,Not Available,620 Ramsey Ave,Hillside,NJ,7205,Verified,(908) 436-1800,Mascott.Com,Restaurant Management,"Less Than $500,000",B+
Maximum Human Performance,Timothy,Howe,Male,CEO,Western Europe,165 Clinton Rd,Caldwell,NJ,7006,Verified,(973) 575-7714,Mhpstrong.Com,Health Food Products-Manufacturers,$5-10 Million,A
Maximum Quality Foods,Gary,Roccaro,Male,Owner,Uncoded,3351 Tremley Point Rd,Linden,NJ,7036,Verified,(908) 474-0003,Maximumqualityfoods.Com,Food Products & Manufacturers,$50-100 Million,A
Mc Donald's,Agnes,Lopez,Female,Manager,Hispanic,403 Delsea Dr,Malaga,NJ,8328,Verified,(856) 694-5116,Mcdonalds.Com,Restaurants,$1-2.5 Million,A
Padron Distributor Wholesale,Richard,Padron,Male,Other,Hispanic,1 Hollywood Ct,South Plainfield,NJ,7080,Verified,(908) 941-5376,NULL,Seafood-Retail,"$500,000-1 Million",B
Padron Distributors Inc,Richard,Padron,Male,Owner,Hispanic,259 Bertrand Ave,Perth Amboy,NJ,8861,Verified,(732) 442-2310,NULL,Frozen Foods-Wholesale,$2.5-5 Million,C+
Paramount Bakeries Inc,David,Zabludovsky,Male,Director,Eastern European,418 N 5th St,Newark,NJ,7107,Verified,(973) 481-4763,Paramountbakeries.Com,Bread/Other Bakery Prod-Ex Cookies,$2.5-5 Million,A+
Paris Gourmet,Xavier,Noel,Male,President,African American,145 Grand St,Carlstadt,NJ,7072,Verified,(201) 939-5656,Parisgourmet.Com,Distribution Centers (Whls),$20-50 Million,A
Pat LA Frieda Wholesale Meat,Pat,LA Frieda,Male,CEO,Hispanic,3701 Tonnelle Ave,North Bergen,NJ,7047,Verified,(201) 537-8210,Lafrieda.Com,Meat-Wholesale,$5-10 Million,B+
Paulaur Corp,Andy,Toscano,Male,CEO,Hispanic,105 Melrich Rd,Cranbury,NJ,8512,Verified,(609) 395-8844,NULL,Manufacturing-Layered Processes (Mfrs),$10-20 Million,A+
Pechter's Baking Co,Keith,Amreidas,Male,Cio/Cto,Uncoded,840 Jersey St,Harrison,NJ,7029,Verified,(973) 483-3374,NULL,Bread/Other Bakery Prod-Ex Cookies,$50-100 Million,A+
Peerless Beverage Co,Richard,Salzman,Male,CEO,Not Available,1000 Floral Ave,Union,NJ,7083,Verified,(908) 351-0101,Peerlessbeverage.Com,Beverages (Whls),$100-500 Million,A
Penta International Corp,Mark,Esposito,Male,Owner,Mediterranean,50 Okner Pkwy,Livingston,NJ,7039,Verified,(973) 740-2300,Pentamfg.Com,Flavoring Extracts-Manufacturers,$10-20 Million,A+
Pepsi Beverages Co,Paul,Durlacher,Male,Other,Western Europe,680 Belleville Tpke,Kearny,NJ,7032,Verified,(201) 991-3478,NULL,Bottlers (Mfrs),$50-100 Million,A+
Pepsi Beverages Co,Stephen,Shincarick,Male,Other,Uncoded,3411 Sunset Ave,Ocean,NJ,7712,Verified,(201) 991-3478,NULL,Bottlers (Mfrs),$50-100 Million,A+
Pepsi Beverages Natl Brands,Reginald,Goins,Male,President,Western Europe,8275 N Crescent Blvd,Pennsauken,NJ,8110,Verified,(856) 486-0617,Pepsico.Com,Bottlers (Mfrs),$500m - $1 Billion,A+
Peru Food Import,Julio,Rivera,Male,President,Hispanic,815 Fairview Ave,Fairview,NJ,7022,Verified,(201) 553-0300,Perufoodimport.Com,Importers (Whls),$20-50 Million,A
Pet Valu,Casey,Corcoran,Male,Site Manager,Western Europe,319 US Highway 130 # 20,East Windsor,NJ,8520,Verified,(609) 371-7010,Us.Petvalu.Com,Pet Supplies & Foods-Retail,"$500,000-1 Million",B
Phil-AM Trading,Romy,Ferrer,Female,President,Hispanic,324 Hoboken Ave,Jersey City,NJ,7306,Verified,(201) 420-8595,Phil-Am.Com,Grocers-Retail,"Less Than $500,000",C+
Pineland Farms,Judee,DE Ficcio,Female,Owner,Hispanic,960 Spruce St,Trenton,NJ,8648,Verified,(609) 392-1550,Pinelandfarms.Org,Farms,$1-2.5 Million,B+
Pinho's Bakery,Raul,Pinho,Male,Owner,Hispanic,1027 Chestnut St,Roselle,NJ,7203,Verified,(908) 245-4388,Pinhosbakery.Net,Bakers-Retail,$1-2.5 Million,A
Pinho's Custard Cups LLC,Julie,Pinho,Female,Owner,Hispanic,301 Dalziel Rd,Linden,NJ,7036,Verified,(908) 275-3918,Pinhosfamouscustardcups.Com,Frozen Foods-Wholesale,$5-10 Million,B
Popular Fish Market,Manuel,Nata,Male,Owner,African American,129 Ferry St,Newark,NJ,7105,Verified,(973) 344-7939,NULL,Seafood-Wholesale,$5-10 Million,B+
Puratos Corp,Virginia,Baranski,Female,Partner,Eastern European,1660 Suckle Hwy,Pennsauken,NJ,8110,Verified,(856) 428-4300,Puratos.Com,Food Products (Whls),0,A+
Pure Inventions LLC,Lynne,Gerhards,Female,Owner,Western Europe,64 Grant Pl,Little Silver,NJ,7739,Verified,(732) 842-5777,Pureinventions.Com,Nutritionists,"$500,000-1 Million",B
Quik Pik,Joaquim M,Vieira,Male,President,Hispanic,94 Van Buren St,Newark,NJ,7105,Verified,(973) 344-1561,NULL,Grocers-Wholesale,$10-20 Million,A
R C Prime Provisions Inc,Ramiro,Contreras,Male,Manager,Hispanic,348 Leonard Dr,New Milford,NJ,7646,Verified,Not Available,NULL,Provisions-Wholesale,$5-10 Million,C+
R F Demarco Nursery Inc,R,Marco,Male,Owner,Hispanic,263 Basin Rd,Hammonton,NJ,8037,Verified,(609) 561-4640,NULL,Ornamental Floriculture & Nursery Prods,$1-2.5 Million,A
Rablos Meat,Sandro,Corrales,Male,Manager,Hispanic,405 70th St,Guttenberg,NJ,7093,Verified,(201) 453-9594,NULL,Meat-Wholesale,$5-10 Million,B+
Ray's Enterprises,Ray,Fernandez,Male,Owner,Hispanic,318 Astor St,Newark,NJ,7114,Verified,(973) 344-2241,NULL,Meat Products (Mfrs),$5-10 Million,A
RDD Associate LLC,Robert,Cignarella,Male,President,Mediterranean,930 Riverview Dr # 400,Totowa,NJ,7512,Verified,(973) 812-8070,Rddassociates.Com,Food Brokers (Whls),$100-500 Million,A+
Ready-Pac Produce,Ricardo,Moreno,Male,Director,Hispanic,700 Railroad Ave,Florence,NJ,8518,Verified,(609) 499-1900,NULL,Fruits & Vegetables & Produce-Retail,$50-100 Million,A
Regal Wine Imports,Daniel A,Bada,Male,CEO,Hispanic,2 Commerce Dr # 3,Moorestown,NJ,8057,Verified,(856) 234-7313,Regalwine.Com,Wines-Wholesale,$20-50 Million,A
Restaurant Depot,Walter,Gibb,Male,Manager,Western Europe,777 Secaucus Rd,Secaucus,NJ,7094,Verified,(201) 601-4755,Restaurantdepot.Com,Wholesale Clubs,$10-20 Million,A
Reta Botanica,Daniel,Higinio,Male,Owner,Hispanic,38 Broadway,Passaic,NJ,7055,Verified,(973) 777-3090,NULL,Health Food Products-Wholesale,$1-2.5 Million,C+
Rich Products Corp,James,Shradick,Male,Mfg Exec,Uncoded,1910 Gallagher Dr,Vineland,NJ,8360,Verified,(856) 696-5600,Richs.Com,Prepared Flour Mixes & Doughs (Mfrs),$20-50 Million,A+
Rico Foods Inc,Lazara,Fernandez,Female,Vice President,Hispanic,527 E 18th St,Paterson,NJ,7514,Verified,(973) 278-0589,NULL,Frozen Foods-Wholesale,$10-20 Million,B+
Rico Pan Bakery,Antonio,Carmona,Male,Owner,Hispanic,183 Main St,Hackettstown,NJ,7840,Verified,(908) 850-5741,NULL,Bakers-Wholesale,$2.5-5 Million,B
Rise'n Shine LLC,Cathy,Beggan,Female,Owner,Western Europe,17 Woodport Rd # 1e,Sparta,NJ,7871,Verified,(973) 729-4141,Rise-N-Shine.Com,Health Food Products-Wholesale,$2.5-5 Million,C+
Riviera Produce Corp,Ben,Friedman,Male,Owner,Not Available,205 Jackson St,Englewood,NJ,7631,Verified,(201) 227-7105,Rivieraproduce.Com,Food Products (Whls),$100-500 Million,A+
RLB Food Distributors,Robert L,Bildner,Male,CEO,Western Europe,2 Dedrick Pl,West Caldwell,NJ,7006,Verified,(973) 575-9526,Orders.Freshprofood.Com,Food Products (Whls),$10-20 Million,A
Robertet Flavors,Robert,Weinstein,Male,President,Not Available,10 Colonial Dr,Piscataway,NJ,8854,Verified,(732) 981-8300,Robertetusa.Com,Aromatherapy,$2.5-5 Million,B+
Roland Foods Inc,Aimee,Miralles,Female,Vice President,Hispanic,1 Industrial Rd # 199,Dayton,NJ,8810,Verified,(732) 438-0572,NULL,Food Products (Whls),$10-20 Million,B+
Royal Coffee New York,Fred,Schoenhut,Male,Manager,Western Europe,661 Hadley Rd,South Plainfield,NJ,7080,Verified,(908) 205-8799,Royalny.Com,Coffee Shops,"$500,000-1 Million",B+
Sam's Club,David,Winslow,Male,Site Manager,Western Europe,300 Park Pl,Secaucus,NJ,7094,Verified,(201) 974-0702,Samsclub.Com,Wholesale Clubs,$20-50 Million,A
San Miguel Live Poultry,Alex,Montalbo,Male,Manager,Hispanic,499 Orange St,Newark,NJ,7107,Verified,(973) 482-1007,NULL,Poultry Processing Plants (Mfrs),"Less Than $500,000",C+
Santa Mariana Grocery,Manuel,Jimenez,Male,Owner,Hispanic,2026 Bergenline Ave # 1,Union City,NJ,7087,Verified,(201) 330-1363,NULL,Grocers-Retail,"Less Than $500,000",C+
Santos Bakery,Abilio,Santos,Male,Owner,Hispanic,123 Hudson St,Newark,NJ,7103,Verified,(973) 732-7222,Santosbakery.Us,Bread/Other Bakery Prod-Ex Cookies,$2.5-5 Million,A+
Save-A-Lot Food Stores,Vicki,Holmes,Female,Manager,Western Europe,700 N 2nd St,Millville,NJ,8332,Verified,(856) 825-7079,Savealot.Com,Grocers-Retail,$5-10 Million,A
Seabrite Corp,Antonio,Seavra,Male,Owner,Hispanic,574 Ferry St,Newark,NJ,7105,Verified,(973) 491-0399,Seabragroup.Com,Frozen Foods-Wholesale,0,A
Seald Sweet INTL,Mayda,Sotomayor,Female,CEO,Hispanic,405 Pedricktown Rd,Swedesboro,NJ,8085,Verified,(856) 467-6691,Sealdsweet.Com,Fruits & Vegetables-Wholesale,$50-100 Million,A
Seashoreconstruction,Gary,Johnson,Male,Owner,Western Europe,2604 Tilton Rd,Egg Harbor Township,NJ,8234,Verified,(609) 382-0435,Seashoreconstruction.Net,Fiber Glass Fabricators (Mfrs),$5-10 Million,A+
Secor Farms,Darryl,Secor,Male,Owner,Hispanic,168 Airmont Ave,Mahwah,NJ,7430,Verified,(201) 529-2595,Secorfarms.Com,Farms,"$500,000-1 Million",B+
Sentrex Ingredients LLC,Naushad,Lalani,Male,Partner,Mediterranean,350 Cantor Ave,Linden,NJ,7036,Verified,(908) 862-4440,NULL,Flavoring Extracts (Whls),$10-20 Million,B+
Severino Pasta Mfg Co Inc,Louis,Severino,Male,Owner,Hispanic,110 Haddon Ave,Westmont,NJ,8108,Verified,(856) 854-7666,Severinopasta.Com,Pasta (Whls),$50-100 Million,A
Shop & Bag Meat Ctr,Juan,Torres,Male,Owner,Hispanic,705 Frelinghuysen Ave,Newark,NJ,7114,Verified,(973) 824-1700,NULL,Grocers-Wholesale,$5-10 Million,B+
Shoprite,Ray,Lotierzo,Male,General Mgr,Mediterranean,307 Route 70 W,Marlton,NJ,8053,Verified,(856) 983-7370,Shoprite.Com,Grocers-Retail,$20-50 Million,A+
Shoprite,Rich,Hachan,Male,General Mgr,Uncoded,10a State Route 23,Montague,NJ,7827,Verified,(856) 983-7370,Shoprite.Com,Grocers-Retail,$20-50 Million,A+
Shoprite Of Linden,George,Cabezudo,Male,Manager,Hispanic,637 W Edgar Rd,Linden,NJ,7036,Verified,(908) 523-0707,Shoprite.Com,Grocers-Retail,$50-100 Million,A
Shoprite Of Mansfield,John,Reinhart,Male,Manager,Western Europe,1965 State Route 57,Hackettstown,NJ,7840,Verified,(908) 852-1200,Shoprite.Com,Grocers-Retail,$20-50 Million,A+
Shoprite Of New Milford,Jose,Marroquin,Male,Manager,Hispanic,250 River Rd,New Milford,NJ,7646,Verified,(201) 262-8834,Shoprite.Com,Grocers-Retail,"$500,000-1 Million",B
Shoprite Pharmacy,Joseph,Low,Male,Site Manager,Western Europe,3600 E Landis Ave # 1,Vineland,NJ,8361,Verified,(856) 691-7722,Shoprite.Com,Pharmacies,$2.5-5 Million,B+
Shore Point Distributing Co,James,Annarella,Male,President,Mediterranean,100 Shore Point Dr,Freehold,NJ,7728,Verified,(732) 308-3334,Shorepoint.Com,Beer & Ale-Wholesale,$100-500 Million,A+
Silva's Orchids,Joseph,Silva,Male,Owner,Hispanic,635 Wayside Rd,Neptune,NJ,7753,Verified,(732) 922-2635,Silvaorchids.Com,Florists-Retail,"$500,000-1 Million",B+
Smart Foods,Daniel,Munoz,Male,Owner,Hispanic,72 Wabash Ave,Clifton,NJ,7011,Verified,(973) 778-7700,Smartfoodsinc.Us,Food Products (Whls),$5-10 Million,B
Sod Exo,Mark,Skutnik,Male,Director,Eastern European,20 Commerce Dr,Cranford,NJ,7016,Verified,(908) 272-7862,NULL,Food Service-Management,"Less Than $500,000",C
Spice Chain Corp,Alan,Silverman,Male,Owner,Not Available,9 Elkins Rd,East Brunswick,NJ,8816,Verified,(732) 518-1100,Spicechain.Com,Spices-Wholesale,$100-500 Million,A
Star Ravioli Mfg Co,Laurence,Piretra,Male,President,Hispanic,2 Anderson Ave # 2,Moonachie,NJ,7074,Verified,(201) 933-6427,Starravioli.Com,Macaroni Spaghetti & Noodles (Mfrs),$1-2.5 Million,A
Starbucks,Megan,Ferrera,Female,Manager,Hispanic,184 Columbia Tpke # 14,Florham Park,NJ,7932,Verified,(973) 443-0484,Starbucks.Com,Coffee Shops,$1-2.5 Million,A
Summit Motor Products Inc,Sanford,Landa,Male,President,Hispanic,827 Ridgewood Ave # 3,North Brunswick,NJ,8902,Verified,(732) 249-3484,NULL,Automobile Parts & Supplies-Wholesale,$20-50 Million,A
Sun Grove Foods Inc,Joanne,Lacina,Female,Executive VP,Eastern European,45 Tulip St,Passaic,NJ,7055,Verified,(973) 574-1110,Oleavesoliveoil.Com,Food Products (Whls),$10-20 Million,B+
Sunco Natural Food LLC,Jessica,Ramirez,Female,Manager,Hispanic,489 Getty Ave # 1,Clifton,NJ,7011,Verified,(973) 478-1011,NULL,Food Products (Whls),$5-10 Million,B
Sunny Delight Beverages Co,Labrado,Guerrero,Male,Mfg Exec,Hispanic,10 Corn Rd,Dayton,NJ,8810,Verified,(732) 329-2391,NULL,Juices-Manufacturers,$50-100 Million,A+
Sunny Valley Intl,Carlos,Paul,Male,President,Western Europe,800 Ellis St # A,Glassboro,NJ,8028,Verified,(856) 881-0200,Sunnyint.Com,Fruits & Vegetables-Brokers (Whls),$10-20 Million,A
Super Bread II Corp,Armenio,Martins,Male,Owner,Mediterranean,443 Chili St,Elizabeth,NJ,7206,Verified,(908) 688-8210,NULL,Distribution Services,$20-50 Million,B+
Super Supermarket,Christopher,Lopez,Male,Owner,Hispanic,810 N 6th St,Newark,NJ,7107,Verified,(973) 485-3330,Supersupernewark.Com,Markets & Grocers Equip & Supls (Whls),$50-100 Million,A
Superfresh,Mael,Montesdeoca,Male,General Mgr,Hispanic,937 Lincoln Ave,Glen Rock,NJ,7452,Verified,(201) 345-2261,Keyfood.Com,Grocers-Retail,$10-20 Million,A
Supremo Food Market,Eddie,Trujillo,Male,President,Hispanic,249 E Front St,Plainfield,NJ,7060,Verified,(908) 668-9855,Supremofoods.Homestead.Com,Groceries & Related Products NEC (Whls),$5-10 Million,B+
Surfside Products,Peter,LA Monica,Male,President,Hispanic,1733 Main St,Port Norris,NJ,8349,Verified,(856) 785-2115,Surfsidefoods.Com,Food Products & Manufacturers,$20-50 Million,A
Takasago International Corp,Hasiya,Sujiwara,Male,President,Far Eastern,4 Volvo Dr,Rockleigh,NJ,7647,Verified,(201) 767-9001,Takasago.Com,Fragrance-Manufacturers,$50-100 Million,A
Taveras Brothers LLC,Rene,Taveras,Male,President,Hispanic,394 Central Ave,Newark,NJ,7103,Verified,(973) 242-7611,NULL,Grocers-Wholesale,$10-20 Million,A
Taylor Farms New Jersey,Amy,Steenrod,Female,Director,Western Europe,406 Heron Dr # A,Swedesboro,NJ,8085,Verified,(856) 241-0097,Taylorfarms.Com,Farms,0,B
Thayer Distribution,Guido,Gallicchio,Male,CEO,Mediterranean,333 Swedesboro Ave,Gibbstown,NJ,8027,Verified,(856) 687-0000,Thayerdistribution.Com,Candy & Confectionery-Wholesale,0,A+
Thomas Sweet Ice Cream,Marco,Cuchi,Male,Owner,Hispanic,183 Nassau St # A,Princeton,NJ,8542,Verified,(609) 683-8720,Thomassweet.Com,Ice Cream Parlors,"$500,000-1 Million",B+
Torico Ice Cream,Pete,Berrios,Male,Owner,Hispanic,20 Erie St,Jersey City,NJ,7302,Verified,(201) 432-9458,Toricoicecream.Com,Ice Cream Parlors,"Less Than $500,000",C+
Tribeca Oven,George,Erasmus,Male,Executive VP,Western Europe,447 Gotham Pkwy,Carlstadt,NJ,7072,Verified,(201) 935-8800,Tribecaoven.Com,Bakers-Retail,0,B+
Tropical Juice Bar,Carlos,Lopez,Male,Other,Hispanic,198 Myrtle Ave,Passaic,NJ,7055,Verified,(973) 928-3800,Tropicaljuicebar.Com,Juice Bars,"Less Than $500,000",C+
Tropicana Products Inc,Joe,Dolan,Male,Manager,Western Europe,9 Linden Ave E,Jersey City,NJ,7305,Verified,(201) 332-2332,NULL,Beverages (Whls),$100-500 Million,A+
Twin City Supermarkets,Lazzlo,Diaz,Male,Owner,Hispanic,611 Broadway,Newark,NJ,7104,Verified,(973) 481-9468,Twincitynewark.Com,Grocers-Retail,$10-20 Million,A
Umbria Olii Intl USA Inc,Natasha,Balseca,Female,Manager,Hispanic,2450 Lemoine Ave,Fort Lee,NJ,7024,Verified,(201) 408-4715,Umbriaolii.Com,Oils-Vegetable (Whls),$5-10 Million,B
Unilever,Ruth,Brillantes,Female,Partner,Hispanic,800 Sylvan Ave,Englewood Cliffs,NJ,7632,Verified,(201) 567-8000,Unilever.Com,Food Products (Whls),$50-100 Million,A+
Unilever Food Solutions,Craig,Gentry,Male,Vice President,Western Europe,700 Sylvan Ave # 4,Englewood Cliffs,NJ,7632,Verified,(800) 298-5018,Unileverfoodsolutions.Us,Food Products (Whls),0,A+
US Foods,Chuck,Gannon,Male,President,Western Europe,1051 Amboy Ave,Perth Amboy,NJ,8861,Verified,(732) 442-4053,Usfoodservice.Com,Food Service-Distributors (Whls),$50-100 Million,A+
US Foods,Lori,Glitzer,Female,President,Uncoded,244 High Hill Rd,Swedesboro,NJ,8085,Verified,(732) 442-4053,Usfoodservice.Com,Food Service-Distributors (Whls),$50-100 Million,A+
V P Foods Inc,Fernando,Posadas,Male,Owner,Hispanic,30 Industrial Ave,Fairview,NJ,7022,Verified,(201) 941-0266,Vpfoods.Com,Meat-Wholesale,$2.5-5 Million,B+
Vida's Berries,Cornelia,Rosario,Female,Owner,Hispanic,171 Lakeview Ave,Clifton,NJ,7011,Verified,(856) 535-3350,NULL,Food Facilities (Whls),$5-10 Million,C
Vieira's Bakery,Carlos,Vieira,Male,President,Hispanic,34 Avenue K,Newark,NJ,7105,Verified,(973) 589-7719,Vieirasbakery.Com,Bakers-Wholesale,$20-50 Million,A
Villa Restaurant Group,Anthony,Scotto,Male,CEO,Mediterranean,25 Washington St # 3,Morristown,NJ,7960,Verified,(973) 285-4800,Villapizza.Com,Restaurant Management,0,A
W B Law & Son,David,Mendez,Male,Owner,Hispanic,280 Wilson Ave # 2,Newark,NJ,7105,Verified,(973) 344-2270,Javatechs.Com,Coffee & Tea-Wholesale,$50-100 Million,A
Wakefern Food Corp,Joseph S,Colalillo,Male,CEO,Mediterranean,5000 Riverside Dr,Keasbey,NJ,8832,Verified,(908) 527-3300,Www2.Wakefern.Com,Grocers-Retail,0,A+
Wawa Food Market,Jacqueline,Montanez,Female,Manager,Hispanic,440 King Georges Rd,Woodbridge,NJ,7095,Verified,(732) 442-5690,Wawa.Com,Convenience Stores,$5-10 Million,A
Welch Holme & Clark Co,William,Dugan,Male,President,Western Europe,7 Avenue L,Newark,NJ,7105,Verified,(973) 465-1200,Whc-Oils.Com,Oils-Vegetable (Whls),$10-20 Million,A
Well Luck Co Inc,Chris,Lie,Male,CEO,Scandinavian,104 Harbor Dr # 1,Jersey City,NJ,7305,Verified,(201) 434-1177,Welluck.Com,Food Products (Whls),0,A+
Western Live Poultry Market,Joe,Garcia,Male,Owner,Hispanic,907 Bergenline Ave,Union City,NJ,7087,Verified,(201) 865-6247,NULL,Poultry-Retail,"Less Than $500,000",C+
White Toque,Didier,Amiel,Male,Owner,Western Europe,11 Enterprise Ave N,Secaucus,NJ,7094,Verified,(201) 863-6699,NULL,Frozen Foods-Wholesale,$10-20 Million,A
William Grant & Sons USA,Karen,Novak,Female,Partner,Eastern European,130 Fieldcrest Ave,Edison,NJ,8837,Verified,(732) 225-9000,Williamgrantusa.Com,Distillers (Mfrs),0,A
Wine & Spirit World,Sevan,Jessourian,Male,Manager,Centl & SW Asian,303 Franklin Ave # 2,Wyckoff,NJ,7481,Verified,(201) 891-7770,Wineandspiritworld.Net,Liquors-Retail,$2.5-5 Million,A
Wine Enterprises LLC,Maria,Nobre,Female,President,Hispanic,37 Malvern St,Newark,NJ,7105,Verified,(973) 465-1080,Wine-Enterprises.Com,Wines-Wholesale,$5-10 Million,B
Winebow Inc,David B,Townsend,Male,CEO,Western Europe,20 Hook Mountain Rd # 103a,Pine Brook,NJ,7058,Verified,(201) 445-0620,Winebow.Com,Importers (Whls),$20-50 Million,A+
World Class Kitchen,Jesus,Munoz,Male,Exec Director,Hispanic,1930 E Elizabeth Ave,Linden,NJ,7036,Verified,(908) 925-1550,NULL,Food Products (Whls),$100-500 Million,A+
Zayat Stables LLC,Ahmed,Zayat,Male,CEO,Middle Eastern,401 Hackensack Ave # 703,Hackensack,NJ,7601,Verified,(201) 518-1800,NULL,Horse Racing,$50-100 Million,U
Zunbai Product LLC,Carlos,Zuniga,Male,Other,Hispanic,200 South Ave,Middlesex,NJ,8846,Verified,(732) 862-4678,NULL,Food Products (Whls),$10-20 Million,B+
