Company Name,Executive First Name,Executive Last Name,Executive Gender,Executive Title,Executive Ethnicity,Address,City,State,ZIP Code,Record Type,Phone Number Combined,Website,Primary SIC Description,Location Sales Volume Range,Credit Score Alpha
1231 Blue Moon Inc,Nelson,Rodriguez,Male,President,Hispanic,1231 Stefko Blvd,Bethlehem,PA,18017,Verified,(610) 814-6094,NULL,Beer & Ale-Wholesale,$1-2.5 Million,B
52nd Street Market,Deirdre,Kane,Female,Owner,Not Available,601 52nd St,Pittsburgh,PA,15201,Verified,(412) 408-3798,52ndstreetmarket.Com,Grocers-Retail,$1-2.5 Million,B
A J Beverage Inc,Louis,Castro,Male,Owner,Hispanic,293 Nazareth Pike,Bethlehem,PA,18020,Verified,(610) 759-7011,NULL,Beer & Ale-Wholesale,"$500,000-1 Million",B
A J Silberman & Co,Matt,Silberman,Male,Owner,Not Available,838 Braddock Ave,Braddock,PA,15104,Verified,(412) 271-3373,Silbermans.Com,Beverages (Whls),$5-10 Million,B
A M Discount Beverage Inc,Martin,Passarilla,Male,Owner,Hispanic,136 Main St,Carrolltown,PA,15722,Verified,(814) 344-6581,NULL,Beer & Ale-Wholesale,"$500,000-1 Million",C+
A T Chadwick Co,Mark,Chadwick,Male,President,Western Europe,362 Dunksferry Rd,Bensalem,PA,19020,Verified,(215) 245-8200,Atchadwick.Net,Mechanical Contractors,$10-20 Million,A
Abe's Six Pack & Deli,Abe,Zegeye,Male,Owner,African American,1301 W Broad St,Bethlehem,PA,18018,Verified,(610) 997-0831,Abescoldbeer.Com,Beer & Ale-Wholesale,$2.5-5 Million,B
Ace Cash Express,Ken,Outwater,Male,Site Manager,Native American,1059 Washington Ave,Carnegie,PA,15106,Verified,(412) 429-9689,Acecashexpress.Com,Payday Loans,$1-2.5 Million,B+
Ace Cash Express,Sheila,Toro,Female,Site Manager,Hispanic,1503 E Wadsworth Ave,Philadelphia,PA,19150,Verified,(215) 248-2800,Acecashexpress.Com,Payday Loans,"$500,000-1 Million",B
Ace Cash Express,Dorsey,Aigner,Male,Manager,African American,3544 Germantown Ave # 46,Philadelphia,PA,19140,Verified,(215) 225-6336,Acecashexpress.Com,Payday Loans,"$500,000-1 Million",C+
Acquarola Beverages,N,Acquarola,Male,Owner,Uncoded,702 Main St,Darby,PA,19023,Verified,(610) 583-6878,NULL,Beverages (Whls),$1-2.5 Million,C
All Star Distributing,Terry,Mcglinn,Male,President,Western Europe,1000 Patriot Pkwy,Reading,PA,19605,Verified,(610) 929-4943,NULL,Beer & Ale-Wholesale,$50-100 Million,A
Allegen Farms,Kevin,Smoker,Male,Owner,Native American,361 Smoker Rd,Genesee,PA,16923,Verified,(814) 228-3488,NULL,Farms,"Less Than $500,000",B
American Beverage Corp,Susan,Neely,Female,CEO,Western Europe,1 Daily Way,Verona,PA,15147,Verified,(412) 828-9020,Ambev.Com,Frozen Fruit/Fruit Juices/Vegs (Mfrs),,A+
Aquarium Specialties,Nicole,Romero,Female,Owner,Hispanic,235 Lancaster Ave,Frazer,PA,19355,Verified,(610) 644-4492,NULL,Pet Supplies-Wholesale,$2.5-5 Million,B
Ashcombe Farm & Greenhouses,John,Bear,Male,Owner,Native American,906 W Grantham Rd,Mechanicsburg,PA,17055,Verified,(717) 766-7611,Ashcombe.Com,Greenhouses,$5-10 Million,A+
ASK Foods Inc,Wendie,Dimatteo,Female,CEO,Mediterranean,77 N Hetrick Ave,Palmyra,PA,17078,Verified,(717) 838-6356,Askfoods.Com,Food Products & Manufacturers,$20-50 Million,A
Beer Cove Inc,Karen,Mendoza,Female,Owner,Hispanic,1302 E Main St,Palmyra,PA,17078,Verified,(717) 838-6787,NULL,Beer & Ale-Retail,$1-2.5 Million,B
Beer Necessities,Terrence,Mc Gartland,Male,Partner,African American,612 State Route 130,Trafford,PA,15085,Verified,(412) 380-2337,NULL,Beer & Ale-Wholesale,$2.5-5 Million,B+
Berkshire Dairy & Food Prod,Dale,Mills,Male,President,Western Europe,850 N Wyomissing Blvd # 201,Reading,PA,19610,Verified,(610) 378-9999,Berkshiredairy.Com,Food Products & Manufacturers,$5-10 Million,A
Berkshire Hathaway Home Svc,Mary,Gibson,Female,General Mgr,Western Europe,730 Parkwood Dr,Cranberry Township,PA,16066,Verified,(724) 776-9705,Berkshirehathawayhs.Com,Real Estate,$2.5-5 Million,A+
Betterland Spreading,Lamar,Nolt,Male,Owner,African American,1528 Brunnerville Rd,Lititz,PA,17543,Verified,(717) 626-9050,NULL,Farms,"Less Than $500,000",C+
Bimbo Bakeries USA,Vickie,Roof,Female,Manager,Native American,170 Mundy St,Wilkes Barre,PA,18702,Verified,(570) 825-4507,Bimbobakeriesusa.Com,Bakers-Retail,"Less Than $500,000",B
Bimbo Bakeries USA Inc,Reynaldo,Reyna,Male,CEO,Hispanic,255 Business Center Dr,Horsham,PA,19044,Verified,(215) 672-8010,Bimbobakeriesusa.Com,Bread/Other Bakery Prod-Ex Cookies,,A+
Birdsboro Kosher Farms Corp,Pernell,Reid,Male,Manager,African American,1100 Lincoln Rd,Birdsboro,PA,19508,Verified,(610) 404-0000,NULL,Farms,"Less Than $500,000",C+
BJ'S Wholesale Club,Wayne,Simone,Male,Site Manager,Mediterranean,200 Easton Rd,Warrington,PA,18976,Verified,(215) 488-4050,Bjs.Com,Wholesale Clubs,$1-2.5 Million,B+
Bongrain Cheese USA,Liz,Forrester,Female,Manager,Western Europe,400 S Custer Ave,New Holland,PA,17557,Verified,(717) 355-8500,Savencia-Fromagedairy.Com,Cheese Processors (Mfrs),$100-500 Million,A
Bova Food Distributors Inc,Giovanni,Esposito,Male,Partner,Mediterranean,4365 County Line Rd,Chalfont,PA,18914,Verified,(215) 997-1130,Bovafoods.Com,Food Brokers (Whls),$50-100 Million,A+
Brass Rail Beverage,Nicole,Cordero,Female,President,Hispanic,2828 Horseshoe Pike,Campbelltown,PA,17010,Verified,(717) 838-9200,Brassrailbeverage.Com,Beer & Ale-Wholesale,$1-2.5 Million,B
Breakthru Beverage Pa,Mark,Littles Sr,Male,President,Western Europe,129 Hartman Rd,North Wales,PA,19454,Verified,(267) 960-0900,Charmer-Sunbelt.Com,Beverages (Whls),$50-100 Million,A+
Briar Valley Vineyards-Winery,Tod,Manspeaker,Male,Owner,Native American,2891 Imlertown Rd,Bedford,PA,15522,Verified,(814) 623-0900,Briarvalleywinery.Com,Vineyards,"Less Than $500,000",B
Brock & Co,Andrew,Brock,Male,CEO,Western Europe,257 Great Valley Pkwy,Malvern,PA,19355,Verified,(610) 647-5656,Brockco.Com,Restaurant Management,$1-2.5 Million,B+
Butcher Shoppe,Debbie,Zahra,Female,Owner,Hispanic,RR 940,Pocono Lake,PA,18347,Verified,(570) 646-0525,Thebutchershoppe.Com,Meat-Retail,"Less Than $500,000",B
C & S Wholesale Grocers Inc,Matt,Saunders,Male,President,Western Europe,336 E Penn Ave,Robesonia,PA,19551,Verified,(610) 693-3161,Cswg.Com,Grocers-Wholesale,$100-500 Million,A+
C W Dunnet & Co,Ralph,Marta,Male,President,Hispanic,3200 S Lawrence St,Philadelphia,PA,19148,Verified,(215) 271-1000,Cwdunnet.Com,Food Products (Whls),$20-50 Million,A+
Cabalar Meat Co,Steven,Cabalar,Male,Owner,Hispanic,323 N Queen St,Lancaster,PA,17603,Verified,(717) 208-7344,Cabalarmeatco.Com,Meat-Retail,"$500,000-1 Million",C+
Candy Kitchen,John P,Leos,Male,Owner,Hispanic,12 E Main St,Waynesboro,PA,17268,Verified,(717) 762-3969,NULL,Gift Shops,"Less Than $500,000",B
Cargill Animal Nutrition,Dwayne,Harker,Male,Manager,African American,965 Frederick Rd,Martinsburg,PA,16662,Verified,(814) 793-2137,Cargill.Com,Pet Services,$1-2.5 Million,A
Casique,Carlos,Dominguez,Male,Owner,Hispanic,175 Penn Ave,Telford,PA,18969,Verified,(215) 723-7607,NULL,Grocers-Retail,"Less Than $500,000",C+
Cenni's Distributor Inc,Richard,Vargas,Male,Owner,Hispanic,1049 Center Street Ext,Ridgway,PA,15853,Verified,(814) 772-2691,NULL,Beer & Ale-Wholesale,$2.5-5 Million,A
Chiquita Brands,Rodrigo,Torres,Male,Manager,Hispanic,290 Chambers Rd,Toughkenamon,PA,19374,Verified,(610) 925-2743,NULL,Fruits & Vegetables & Produce-Retail,"$500,000-1 Million",B+
Clemens Food Group,Katie,Johnson,Female,Partner,Western Europe,2700 Clemens Rd,Hatfield,PA,19440,Verified,(215) 368-2500,Clemansfoodgroup.Com,Investments,,B+
Coca-Cola Enterprises Inc,Lisa,Brown,Female,Partner,Western Europe,1428 Manheim Pike,Lancaster,PA,17601,Verified,(717) 393-0631,Cokecce.Com,Beverages-Manufacturers,$10-20 Million,A+
Colombion Bakery,Inocencio,Rincon,Male,Partner,Hispanic,4944 N 5th St,Philadelphia,PA,19120,Verified,(215) 455-5130,NULL,Bakers-Wholesale,$2.5-5 Million,B
Common Market-Philadelphia,Tatiana,Granados,Female,Exec Director,Hispanic,428 E Erie Ave,Philadelphia,PA,19134,Verified,(215) 203-0135,Thecommonmarket.Org,Food Products (Whls),$5-10 Million,B+
Conroy Foods,Jim,Conroy,Male,Owner,Western Europe,100 Chapel Harbor Dr # 2,Pittsburgh,PA,15238,Verified,(412) 781-0977,Conroyfoods.Com,Food Products & Manufacturers,$10-20 Million,A
Country Fair Inc,Myron L,Turfitt,Male,President,Uncoded,2251 E 30th St,Erie,PA,16510,Verified,(814) 898-1111,Countryfairstores.Com,Convenience Stores,,A+
Country Garden 6-Pak,Kenton,Hatch,Male,Owner,African American,952 N Front St,Philipsburg,PA,16866,Verified,(814) 342-5637,NULL,Beverages (Whls),$1-2.5 Million,C+
Country View Family Farms,Billy,Lynn,Male,Regional Mgr,Western Europe,23177 Back Rd,Concord,PA,17217,Verified,(717) 349-2062,Countryviewfamilyfarms.Com,Farms,$1-2.5 Million,B+
County Fresh Pa LLC,Felix,Venezuela,Male,Manager,Hispanic,2600 Richmond Rd,Hatfield,PA,19440,Verified,(267) 328-6843,Freshfoodgroup.Com,Food Products (Whls),$100-500 Million,A
Dairy Farmers Of America,James,Kurtz,Male,Manager,Western Europe,4825 Gettysburg Rd,Mechanicsburg,PA,17055,Verified,(717) 691-4141,Dfamilk.Com,Dairies (Milk),$20-50 Million,A
Dairy Farmers Of America,Linda,Farnham,Female,Director,Western Europe,925 State Route 18,New Wilmington,PA,16142,Verified,(724) 946-8729,Dfamilk.Com,Dairies (Milk),$20-50 Million,A+
Dan Schantz Farm & Greenhouses,Kevin,Echevarria,Male,Manager,Hispanic,6071 Durham Rd,Pipersville,PA,18947,Verified,(215) 766-3014,Danschantz.Com,Greenhouses,"Less Than $500,000",B
Dan Schantz Farm & Greenhouses,Daniel W,Schantz,Male,Owner,Western Europe,8025 Spinnerstown Rd,Zionsville,PA,18092,Verified,(610) 967-2181,Danschantz.Com,Greenhouses,$5-10 Million,A
Dean Foods,Brian,Kornfeind,Male,Vice President,Uncoded,880 Allentown Rd,Upper Gwynedd,PA,19446,Verified,(215) 393-4878,Deanfoods.Com,Dairy Products-Wholesale,$20-50 Million,A
Deblasio Beverage,Jim,DE Blasio,Male,President,Hispanic,1 Deblasio Dr,Canonsburg,PA,15317,Verified,(724) 745-4380,Deblasiobev.Net,Beer & Ale-Wholesale,$20-50 Million,A+
Deblasio's,Don,DE Blasio,Male,Owner,Hispanic,1717 Cochran Rd,Pittsburgh,PA,15220,Verified,(412) 531-3040,Deblasiositalianrestaurant.Com,Restaurants,$1-2.5 Million,B+
Dietz & Watson Inc,Lewis,Enny,Male,President,Western Europe,5701 Tacony St,Philadelphia,PA,19135,Verified,(215) 831-9000,NULL,Sausages/Other Prepared Meat Prod (Mfrs),$100-500 Million,A+
Donna Bella Farms,Yajaira,Rosado,Female,Manager,Hispanic,2005 Frush Valley Rd,Temple,PA,19560,Verified,(610) 929-3720,Donnabellafarms.Com,Farms,"Less Than $500,000",C+
Drexel Foods Inc,Ted,Kanellopoulos,Male,Owner,Mediterranean,1705 N American St,Philadelphia,PA,19122,Verified,(215) 425-9900,Drexelfoods.Com,Meat Products (Mfrs),$10-20 Million,A+
East Coast Tropicals Inc,Salbatore,Regette,Male,Owner,Hispanic,1615 N Hancock St,Philadelphia,PA,19122,Verified,(215) 423-4107,NULL,Fruits & Vegetables-Wholesale,$5-10 Million,A
Eight Brothers Food Market,Rosa,Santana,Female,Owner,Hispanic,1733 Dickinson St # 39,Philadelphia,PA,19146,Verified,(267) 687-2790,NULL,Food Products (Whls),$2.5-5 Million,B
El Cunado Inc,Jose R,Rodriguez,Male,Owner,Hispanic,1185 Newark Rd,Toughkenamon,PA,19374,Verified,(856) 392-7573,NULL,Restaurants,"Less Than $500,000",B
Ellis Coffee,Juan,Ramos,Male,Manager,Hispanic,4601 Bath St,Philadelphia,PA,19137,Verified,(215) 289-2968,Elliscoffee.Com,Warehouses,"$500,000-1 Million",B+
Epicure Foods Of Phila,Rick,Dimatio,Male,Owner,Mediterranean,530 Foundry Rd,Norristown,PA,19403,Verified,(610) 630-6575,Tallutos.Com,Food Products (Whls),$10-20 Million,B+
Erdrick Food Market,Juan,Bacilio,Male,Owner,Hispanic,5456 Erdrick St,Philadelphia,PA,19124,Verified,(215) 535-0109,NULL,Food Products (Whls),$100-500 Million,A
Erivan Dairy,Paul,Fereshetian,Male,Mfg Exec,Centl & SW Asian,105 Allison Rd,Oreland,PA,19075,Verified,(215) 887-2009,Erivandairy.Com,Yogurt-Manufacturers,$20-50 Million,A+
Es3 LLC,Matt,Rzucidlo,Male,Vice President,Eastern European,4875 N Susquehanna Trl,York,PA,17406,Verified,(717) 268-1600,Es3.Com,Distribution Services,$100-500 Million,A+
Espinal Food Market,Asristides,Espinal,Male,Owner,Hispanic,2900 N Bonsall St,Philadelphia,PA,19132,Verified,(215) 223-3704,NULL,Food Products (Whls),$5-10 Million,B
Exton Beverage Ctr,Greg,Ramirez,Male,Owner,Hispanic,310 E Lincoln Hwy,Exton,PA,19341,Verified,(610) 363-7020,Extonbeverage.Com,Cigar Cigarette & Tobacco Dealers-Retail,$1-2.5 Million,B+
Family Food Market,Ali,Albadri,Male,Owner,Uncoded,1607 E Erie Ave,Philadelphia,PA,19124,Verified,(215) 744-8400,NULL,Food Products (Whls),$5-10 Million,B
Ferris Farm,Frank S,Ferris,Male,President,Western Europe,83 Ferris Rd,New Wilmington,PA,16142,Verified,(724) 946-2973,Ferrisfarm.Net,Agricultural Implements & Supplies-Whls,$2.5-5 Million,B+
Fine Fare Supermarket,Anyelo,Rodriguez,Male,Manager,Hispanic,131 W Lehigh Ave,Philadelphia,PA,19133,Verified,(267) 239-5042,Finefaresupermarkets.Com,Grocers-Retail,"$500,000-1 Million",B
FM Brown's Sons Inc,Cecil,Campbell,Male,Vice President,African American,205 Woodrow Ave,Sinking Spring,PA,19608,Verified,(610) 678-4567,Fmbrown.Com,Feed-Wholesale,,A+
Four Seasons Fresh By Four,David,Hollinger,Male,Owner,Western Europe,400 Wabash Rd,Ephrata,PA,17522,Verified,(717) 721-2800,Fsproduce.Com,Fruits & Vegetables & Produce-Retail,$50-100 Million,A
Fresh Taste,Ron,Doucet,Male,President,Western Europe,3460 N Delaware Ave # 107,Philadelphia,PA,19134,Verified,(215) 739-5057,Freshtasteproduce.Com,Food Products & Manufacturers,$1-2.5 Million,B
Freshpet,Eddie,Young,Male,Senior VP,Western Europe,176 N Commerce Way,Bethlehem,PA,18017,Verified,(484) 241-4797,Freshpet.Com,Pet Supplies & Foods-Retail,"$500,000-1 Million",C+
Frito-Lay Inc,Michele,Bass,Female,Director,Western Europe,3553 Gillespie Dr,York,PA,17404,Verified,(717) 792-2611,Fritolay.Com,Potato Chips Corn Chips/Snacks (Mfrs),$10-20 Million,A
G & G Mushroom Farms Inc,Martin,Gonzalez,Male,Owner,Hispanic,533 E Christine Rd,Nottingham,PA,19362,Verified,(610) 932-0743,NULL,Farms,$2.5-5 Million,B+
George Delallo Co Inc,Francis,Delallo,Male,CEO,Mediterranean,1 Delallo Way,Mount Pleasant,PA,15666,Verified,(724) 875-3863,Delallo.Com,Food Products & Manufacturers,,A
Giant Eagle Inc,Laura,Shapira Karet,Female,CEO,Not Available,101 Kappa Dr,Pittsburgh,PA,15238,Verified,(412) 963-6200,Gianteagle.Com,Grocers-Retail,,A+
Giant Food Stores,Ernesto,Crafiore,Male,Manager,Hispanic,180 Upland Sq Dr,Stowe,PA,19464,Verified,(610) 705-0000,Giantfood Stores.Com,Grocers-Retail,$2.5-5 Million,A
Giorgio Fresh Co,Mark,Leone,Male,Vice President,Mediterranean,347 June Ave,Blandon,PA,19510,Verified,(610) 926-2800,Giorgiofresh.Com,Grocers-Wholesale,,A+
Giorgio Fresh Co,Jack,Reitnaurer,Male,Vice President,Western Europe,1340 Newark Rd,Toughkenamon,PA,19374,Verified,(610) 268-3773,NULL,Mushrooms,$20-50 Million,B+
Godshall's Quality Meats,Mark B,Godshall,Male,President,Western Europe,675 Mill Rd,Telford,PA,18969,Verified,(215) 256-8867,Godshalls.Com,Meat-Wholesale,$100-500 Million,A+
Greenwood Mushrooms,Louis,Marson Jr,Male,Owner,Hispanic,749 Norway Rd,Chadds Ford,PA,19317,Verified,(610) 388-9500,Greenwoodmushrooms.Com,Mushrooms,$1-2.5 Million,A
Growing Thing,Ronald,DE Antonio,Male,Owner,Hispanic,429 Geneva Ln,Altoona,PA,16602,Verified,(814) 942-7335,NULL,Greenhouses,"Less Than $500,000",C+
H & H Beverage,David,Huckabee,Male,Owner,Western Europe,437 Pinewood Rd,Lehighton,PA,18235,Verified,(610) 266-5800,Handhbeverage.Com,Beverages (Whls),$2.5-5 Million,B
Hackman R L Distributor,Lamar,Hackman,Male,Owner,African American,32 Cedar Dr,Lewisburg,PA,17837,Verified,(570) 523-9777,NULL,Meat-Wholesale,$2.5-5 Million,B+
Hallowed Grounds Coffee Rstr,Kathryn,Chabala,Female,Owner,African American,1106 3rd Ave,New Brighton,PA,15066,Verified,(724) 581-5282,Hallowed-Grounds.Com,Coffee Roasting (Whls),$2.5-5 Million,B
Halterman's Toyota,Jim,Halterman,Male,Owner,Western Europe,1741 Paradise Trl,East Stroudsburg,PA,18301,Verified,(570) 421-6930,Haltermanstoyota.Com,Automobile Dealers-Used Cars,$1-2.5 Million,C+
Hanover Foods Corp,Craig,Adams,Male,Vice President,Western Europe,1486 York St,Hanover,PA,17331,Verified,(717) 632-6000,Hanoverfoods.Com,Frozen Food Processors (Mfrs),,A+
Hershey Co,David,Onorato,Male,Vice President,Mediterranean,2 Scotch Pine Dr,Hazle Township,PA,18202,Verified,(570) 384-3271,Thehersheycompany.Com,Candy & Confectionery-Manufacturers,$20-50 Million,A+
Hershey Co,David,West,Male,CEO,Western Europe,1025 Reese Ave,Hershey,PA,17033,Verified,(717) 534-5000,Hersheys.Com,Candy & Confectionery-Manufacturers,$100-500 Million,A+
Hershey Co,Michele G,Buck,Female,CEO,Western Europe,19 E Chocolate Ave,Hershey,PA,17033,Verified,(717) 534-4200,Thehersheycompany.Com,Candy & Confectionery-Manufacturers,,A+
Hershey Creamery Co,George H,Holder,Male,CEO,Western Europe,301 S Cameron St,Harrisburg,PA,17101,Verified,(717) 412-4006,Hersheyicecream.Com,Ice Cream Parlors,,A
Hometown Distributors Inc,Jerry,Guizar,Male,Owner,Hispanic,408 Erie Ave,Renovo,PA,17764,Verified,(570) 923-2337,NULL,Beer & Ale-Wholesale,"$500,000-1 Million",B
Honor Foods,Richard,Singer,Male,President,Western Europe,1801 N 5th St,Philadelphia,PA,19122,Verified,(215) 236-1838,Honorfoods.Com,Importers (Whls),$50-100 Million,A
Horizon View Farms,Rafael,Velez,Male,Owner,Hispanic,2393 Chickentown Rd,Rockwood,PA,15557,Verified,(814) 521-8377,Horizonviewfarms.Com,Farms,"Less Than $500,000",B
Hormel Foods,John,Campion,Male,Director,Western Europe,651 Holiday Dr # 215,Pittsburgh,PA,15220,Verified,(412) 921-7036,NULL,Food Products & Manufacturers,$2.5-5 Million,A
Hummer Turfgrass Systems Inc,J Robert,Hummer,Male,Owner,Western Europe,1527 S Colebrook Rd,Manheim,PA,17545,Verified,(717) 898-0420,Hummerturf.Com,Turf,$1-2.5 Million,B
Ideal Food Basket,Juan,Diaz,Male,Owner,Hispanic,640 N 7th St,Lebanon,PA,17046,Verified,(717) 272-3681,NULL,Grocers-Retail,$5-10 Million,B+
Island Beverage-Curb Svc-Soda,Janeth,Soaris,Female,Owner,Western Europe,1004 N 9th St,Reading,PA,19604,Verified,(610) 372-5996,Island-Beverage.Com,Beer & Ale-Wholesale,$5-10 Million,A
J R's Beer Warehouse,David,Stepanian,Male,Owner,Centl & SW Asian,5th St & Stewart Ave,Rochester,PA,15074,Verified,(724) 774-9330,Jrsbeer.Com,Beer & Ale-Wholesale,$10-20 Million,A+
Jc Ehrlich Co Inc,Jeff,Mariola,Male,President,Mediterranean,1125 Berkshire Blvd # 150,Wyomissing,PA,19610,Verified,(610) 372-9700,Jcehrlich.Com,Landscape Contractors,,A+
Joyce's Greenhouse,Joyce,Jasso,Female,Owner,Hispanic,19205 Route 119 Hwy N,Punxsutawney,PA,15767,Verified,(724) 286-9722,NULL,Greenhouses,"Less Than $500,000",B
Jpc Equestrian,Laurie,Rockwell,Female,President,Western Europe,100 Hillside Dr,Drums,PA,18222,Verified,(570) 708-5723,Breeches.Com,Horses & Other Equines,"$500,000-1 Million",B+
Kaolin Mushroom Farms,Iris,Ayala,Female,Director,Hispanic,740 W Cypress St,Kennett Square,PA,19348,Verified,(610) 268-8470,NULL,Farms,"Less Than $500,000",C+
Keystone Foods Corp,Frank,Ravndal,Male,CEO,Uncoded,905 Airport Rd # 400,West Chester,PA,19380,Verified,(610) 667-6700,Keystonefoods.Com,Frozen Food Processors (Mfrs),,A+
Kish Valley Dairy Sales,Sherman,Glick,Male,Owner,African American,100 Walnut St,Belleville,PA,17004,Verified,(717) 935-5195,NULL,Livestock Auction Markets (Whls),$5-10 Million,B+
Knarrs Beverage,Jay,Bastian,Male,Manager,Centl & SW Asian,110 Race St,Milton,PA,17847,Verified,(570) 742-8969,NULL,Beverages (Whls),$2.5-5 Million,B+
LA Mantia Produce,Philip,LA Mantia,Male,Owner,Hispanic,19 S Spring St,Blairsville,PA,15717,Verified,(724) 459-8100,Lamantiaproduce.Com,Fruits & Vegetables-Wholesale,$10-20 Million,A
Lamantia Produce,Dominick,LA Mantia,Male,Owner,Hispanic,Washington St,Bolivar,PA,15923,Verified,(724) 676-4721,NULL,Grocers-Retail,"$500,000-1 Million",B
Land O'Lakes Inc,Matthew,Loring,Male,Partner,Western Europe,405 Park Dr,Carlisle,PA,17015,Verified,(717) 486-7000,Landolakes.Com,Dairy Products-Wholesale,$100-500 Million,A+
Lansdowne Beverage,Melaku,Antoine,Female,Owner,African American,500 E Baltimore Ave # 1,Lansdowne,PA,19050,Verified,(610) 284-1749,Lansdownebeverage.Com,Ice-Manufacturers,"Less Than $500,000",B
Larry Moose Farms,Larry,Moose,Male,Owner,Native American,288 Stonepile Rd,Mercer,PA,16137,Verified,(724) 533-4376,NULL,Farms,"Less Than $500,000",U
Lex Farms,Lamar,Lex,Male,Owner,African American,236 Reservoir Rd,Ringtown,PA,17967,Verified,(570) 889-3897,NULL,Farms,"Less Than $500,000",C
Lifestyle Foods,Ray,Lopez,Male,Owner,Hispanic,600 N Hartley St,York,PA,17404,Verified,(717) 718-5423,Lifestylefoods.Com,Foods-Dehydrated (Whls),$5-10 Million,B+
Louis F Leeper Co,James,Leeper,Male,President,Western Europe,419 Friday Rd,Pittsburgh,PA,15209,Verified,(412) 821-8960,Leepercompanies.Com,Food Brokers (Whls),,A+
Maid-Rite Steak Co,Don,Bernstein,Male,President,Not Available,105 Keystone Industrial Park,Dunmore,PA,18512,Verified,(570) 983-0009,Mr-Specialty.Com,Restaurants,$5-10 Million,B+
Mallet & Co Inc,Robert I,Mallet,Male,CEO,Western Europe,51 Arch St,Carnegie,PA,15106,Verified,(412) 276-9000,Malletoil.Com,Food Preparations NEC (Mfrs),,A
Marcho Farms Inc,Wayne A,Marcho,Male,President,Uncoded,519 Allentown Rd,Souderton,PA,18964,Verified,(215) 721-7131,Tendercareveal.Com,Meat-Wholesale,$100-500 Million,A+
Maria Mia Inc,Franco A,Bova,Male,President,Mediterranean,4365 County Line Rd,Chalfont,PA,18914,Verified,Not Available,Bovafoods.Com,Food Products (Whls),$20-50 Million,B+
Marios Bakery,Maria M,Soto,Female,Owner,Hispanic,520 S Union St # B,Kennett Square,PA,19348,Verified,(610) 444-1009,NULL,Bakers-Retail,"Less Than $500,000",B
Martin's Greenhouses,Linus,Martin,Male,Owner,African American,557 S 4th St,Mifflinburg,PA,17844,Verified,(570) 966-5060,NULL,Greenhouses,"Less Than $500,000",B+
Mc Broom Distr,Dino,DE Flavio,Male,Owner,Mediterranean,1200 S Braddock Ave,Pittsburgh,PA,15218,Verified,(412) 241-2500,NULL,Beverages (Whls),$2.5-5 Million,B+
Mcaneny Brothers Inc,Stephen J,Mcaneny,Male,President,Mediterranean,470 Industrial Park Rd,Ebensburg,PA,15931,Verified,(814) 472-9800,Mcaneny.Biz,Distributor-Groceries (Whls),$100-500 Million,A
Meat Market El Pueblo,Patrice,Roja,Female,Owner,Hispanic,1141 S 9th St,Philadelphia,PA,19147,Verified,(215) 462-0981,NULL,Meat-Wholesale,$2.5-5 Million,B
Mercato Food,Taras,Kotaly,Male,Vice President,Hispanic,1080 Industrial Blvd # 2,Southampton,PA,18966,Verified,(267) 498-5616,NULL,Food Products (Whls),$2.5-5 Million,B
Mi Pais,Quan,Valencia,Male,Manager,Mediterranean,477 Lancaster Ave # 101,Frazer,PA,19355,Verified,(610) 251-0956,NULL,Grocers-Retail,"Less Than $500,000",C
Michel's Bakery,Jon H,Liss,Male,President,Mediterranean,5698 Rising Sun Ave,Philadelphia,PA,19120,Verified,(267) 345-7914,Michelsbakery.Com,Bread/Other Bakery Prod-Ex Cookies,$20-50 Million,A+
Modern Mushroom Farms Inc,Jackie,Lugo,Female,HR Executive,Mediterranean,1320 Newark Rd,Toughkenamon,PA,19374,Verified,(610) 268-1401,Modernmush.Com,Mushrooms,$10-20 Million,B+
Mother Earth LLC,Dominic,Manfredini,Male,President,Centl & SW Asian,740 Penn Green Rd,Landenberg,PA,19350,Verified,(610) 268-8088,Organicmushrooms.Com,Mushrooms,"Less Than $500,000",C+
Muscle Foods USA,Angela,Giambra,Female,Vice President,Hispanic,701 Hudson Ave,Scranton,PA,18504,Verified,Not Available,Body-Fx.Com,Food Products (Whls),$10-20 Million,B+
Nestle Purina Pet Care Co,Mel,Hennemann,Male,Mfg Exec,Hispanic,6509 Brandy Ln,Mechanicsburg,PA,17050,Verified,(717) 795-5454,Purina.Com,Dog & Cat Food (Mfrs),$100-500 Million,A+
Newfoundland Beverage Inc,Abe,Flores,Male,Owner,Mediterranean,868 Main St,Newfoundland,PA,18445,Verified,(570) 676-3285,NULL,Beverages (Whls),$1-2.5 Million,C+
Nonno's Pizza,Hugo,Gil-Pichardo,Male,Owner,Hispanic,825 N US Route 15,Dillsburg,PA,17019,Verified,(717) 432-3030,Olivegarden.Com,Restaurants,"Less Than $500,000",C+
Nordon Inc,Glenn,Palaia,Male,Vice President,Western Europe,1 Cabot Blvd E,Langhorne,PA,19047,Verified,(215) 945-4157,Nordoninc.Com,Restaurant Equipment & Supplies (Whls),$2.5-5 Million,B
North 8th Street Beer & Soda,Tete,Gomez,Female,Owner,Western Europe,227 N 8th St,Reading,PA,19601,Verified,(610) 373-4222,NULL,Beer & Ale-Wholesale,"$500,000-1 Million",B
Novick Corp,Gary,Novick,Male,President,Hispanic,3660 S Lawrence St,Philadelphia,PA,19148,Verified,(215) 467-1400,Novickbrothers.Com,Food Brokers (Whls),$50-100 Million,A+
Nutrition Inc,Marci,Gonzalez,Female,Manager,Mediterranean,1505 W 1st St,Oil City,PA,16301,Verified,(814) 676-9429,NULL,Food Service-Management,"Less Than $500,000",C+
Oak Grove Farms,Dwayne,Lebo,Male,Owner,African American,846 Fisher Rd,Mechanicsburg,PA,17055,Verified,(717) 766-2216,Oakgrovefarmsinc.Com,Ice Cream Parlors,$1-2.5 Million,B+
Omaha,Milly,Jusino,Female,Site Manager,Western Europe,4013 Welsh Rd,Willow Grove,PA,19090,Verified,(215) 659-6750,Omahasteaks.Com,Meat-Retail,$1-2.5 Million,B+
Pasqualichio Brothers Inc,Michael,Pasqualichio,Male,President,Hispanic,220 Valley View Dr,Jessup,PA,18434,Verified,(570) 346-7115,Butchervangourmet.Com,Meat-Wholesale,$50-100 Million,A+
Paupack Blueberry Farms,Donal,Coutts,Male,Owner,Western Europe,108 Berkley Rd,Paupack,PA,18451,Verified,(570) 226-9702,Paupackblueberryfarm.Com,Farms,"Less Than $500,000",B
Paw Prints,Pam,Cura,Female,Owner,Hispanic,3529 Old Philadelphia Pike # 3,Intercourse,PA,17534,Verified,(717) 929-0217,NULL,Pet Foods-Wholesale,$5-10 Million,B
Penn Thrift Inc,Frank,Marte Jr,Male,Owner,Centl & SW Asian,6901 New Falls Rd,Levittown,PA,19057,Verified,(215) 946-2282,NULL,Beer & Ale-Retail,$2.5-5 Million,B+
Pepsi Beverages Co,Ryan,Barbon,Male,Owner,Western Europe,1301 Distribution Dr,Carlisle,PA,17013,Verified,(717) 960-4500,Concappointmentlog.Com,Bottlers (Mfrs),$50-100 Million,A
Pepsi Beverages Co,Eduardo,Ballina,Male,Vice President,Eastern European,78 & Holstein St,Philadelphia,PA,19153,Verified,(215) 365-7338,Pepsico.Com,Bottlers (Mfrs),$50-100 Million,A
Peralta Beer Distributor LLC,Franklyn,Peralta,Male,Owner,African American,3654 N 7th St,Philadelphia,PA,19140,Verified,(215) 221-6560,NULL,Beverages (Whls),$2.5-5 Million,C+
Philadelphia Macaroni Co,Luke,Marano,Male,Owner,Eastern European,760 S 11th St,Philadelphia,PA,19147,Verified,(215) 923-3141,Philamacaroni.Com,Pasta (Whls),,A
Philadelphia Wholesale Produce,Sonny,Dicrecchio,Male,Manager,Hispanic,6700 Essington Ave,Philadelphia,PA,19153,Verified,(215) 336-3003,Phillyproducellc.Com,Fruits & Vegetables-Wholesale,$10-20 Million,A
Phillip Arthur's Ice Cream,Philip A,Guarno,Male,President,Hispanic,108 W Chocolate Ave,Hershey,PA,17033,Verified,(717) 520-1719,Philliparthursic.Com,Restaurants,"Less Than $500,000",C+
Phillips Mushroom Farms Inc,Dylan,Castro,Male,Director,Hispanic,1011 Kaolin Rd,Kennett Square,PA,19348,Verified,(610) 925-0520,Phillipsmushroomfarms.Com,Mushrooms,,A
Pinnacle Foods Group,George,Muscat,Male,Director,Hispanic,2010 Cabot Blvd W,Langhorne,PA,19047,Verified,(215) 757-2310,Pinnaclefoods.Com,Food Products & Manufacturers,$1-2.5 Million,B
Pinto Brothers,Louis,Penza,Male,Owner,Hispanic,6700 Essington Ave # G7,Philadelphia,PA,19153,Verified,(215) 336-3015,NULL,Fruits & Vegetables & Produce-Retail,$2.5-5 Million,A
Pittsburgh Life Sciences Grnhs,John,Manzetti,Male,CEO,Western Europe,2425 Sidney St,Pittsburgh,PA,15203,Verified,(412) 770-1638,Plsg.Com,Venture Capital Companies,$2.5-5 Million,B+
Pizza Fiesta,Kimal,Mamedov,Male,Other,Mediterranean,4911 Penn Ave,Pittsburgh,PA,15224,Verified,(412) 362-2222,NULL,Foods-Carry Out,"Less Than $500,000",B
Plantscape Greenhouses,Claudia,Urda,Female,Owner,African American,7464 Hathaway Dr,Fairview,PA,16415,Verified,(814) 474-9141,Plantscapegreenhouses.Com,Greenhouses,"Less Than $500,000",B+
Pride Gourmet Bakers,Jose,Caban,Male,President,Hispanic,4 Stauffer Industrial Park,Taylor,PA,18517,Verified,(570) 562-6550,Pridegourmetbakers.Com,Gourmet Shops,"Less Than $500,000",C+
Procacci Brothers Sales Corp,Joe,Procacci,Male,Owner,African American,3333 S Front St,Philadelphia,PA,19148,Verified,(215) 463-8000,Procaccibrothers.Com,Fruits & Vegetables-Wholesale,$10-20 Million,A
Produce Junction,Arman,Vargas,Male,Manager,Eastern European,200 Bethlehem Pike,Colmar,PA,18915,Verified,(215) 997-0995,Producejunction.Com,Fruits & Vegetables & Produce-Retail,"$500,000-1 Million",B
Prof Loss Consultants,Don,Mccloskey,Male,President,Uncoded,29 Bala Ave # 217,Bala Cynwyd,PA,19004,Verified,(484) 278-4331,Professionallossconsultants.Com,Insurance,"Less Than $500,000",B
Refresco,John K,Sheppard,Male,CEO,Western Europe,20 Aldan Ave,Glen Mills,PA,19342,Verified,(484) 840-4800,Refresco.Com,Beverages (Whls),$100-500 Million,A+
Renaissance Deli,Barbara,Rullan,Female,Owner,Uncoded,805 Birch Field Ct,Wexford,PA,15090,Verified,(724) 933-3424,NULL,Meat-Wholesale,$2.5-5 Million,B
Resort Beverage Co Inc,Joel,Rossi,Male,President,Native American,,Hazleton,PA,18201,Verified,(570) 455-6358,Resortbeverage.Com,Beverages (Whls),$20-50 Million,B+
Risser Grain,Kenyon,Miller,Male,Manager,Eastern European,1000 Delta Rd,Red Lion,PA,17356,Verified,(717) 244-6909,Rissergrain.Com,Grain-Dealers (Whls),$20-50 Million,A
Riviana Foods Inc,Bastiaan,DE Zeeuw,Male,President,African American,85 Shannon Rd,Harrisburg,PA,17112,Verified,(717) 526-2200,Riviana.Com,Food Products & Manufacturers,$20-50 Million,A+
Rudolph Rosa Corp,Nick,Rosa,Male,Owner,Hispanic,47 Cedar St,Latrobe,PA,15650,Verified,(724) 537-4671,NULL,Beverages (Whls),$5-10 Million,B+
Safety Agriculture Villages,J Denis,Newbold,Male,Treasurer,Hispanic,101 E Street Rd,Kennett Square,PA,19348,Verified,(610) 925-0041,NULL,Agricultural Products,"Less Than $500,000",C+
Sahara Restaurant Grill,Adip,Sal,Male,Owner,Hispanic,7600 Forbes Ave,Pittsburgh,PA,15221,Verified,(412) 727-6220,Saharapgh.Com,Restaurants,"Less Than $500,000",U
Saint's Cafe,Craig,Avedesian,Male,Owner,Not Available,123 W Beaver Ave,State College,PA,16801,Verified,(814) 238-5707,NULL,Coffee Shops,"Less Than $500,000",B
Sam's Club,Jeff,Johnson,Male,Site Manager,Western Europe,901 Airport Center Dr,Allentown,PA,18109,Verified,(610) 266-7127,Samsclub.Com,Wholesale Clubs,$20-50 Million,A
Sam's Club,Shari,Toth,Female,Site Manager,Mediterranean,249 Summit Park Dr,Pittsburgh,PA,15275,Verified,(412) 494-4140,Samsclub.Com,Wholesale Clubs,$20-50 Million,A+
Sam's Club,Lamont,Russell,Male,Site Manager,Western Europe,5314 Allentown Pike,Temple,PA,19560,Verified,(610) 929-4321,Samsclub.Com,Wholesale Clubs,$20-50 Million,A+
Sam's Club,Chris,Solvesky,Male,General Mgr,Western Europe,80 Trinity Point Dr,Washington,PA,15301,Verified,(724) 229-3500,Samsclub.Com,Wholesale Clubs,$5-10 Million,A
San Marco Ravioli & Macaroni,Armando,Garay,Male,Owner,Hispanic,275 Norwood Rd,Downingtown,PA,19335,Verified,(610) 269-8642,NULL,Food Products (Whls),$2.5-5 Million,B
Santanna Banana,Richard,Santanna,Male,President,Mediterranean,1803 George St,Harrisburg,PA,17105,Verified,(717) 901-6173,NULL,Fruits & Vegetables-Wholesale,$20-50 Million,A
Santanna Banana Co,Richard,Santanna,Male,Owner,Mediterranean,12th St & Kelker St,Harrisburg,PA,17110,Verified,(717) 238-8321,NULL,Fruits & Vegetables-Wholesale,$20-50 Million,A+
Santuccl Associates Inc,Stephen,DE Leo,Male,Vice President,Western Europe,1010 Millcreek Dr,Feasterville Trevose,PA,19053,Verified,(215) 355-1117,Santucciassoc.Com,Food Brokers (Whls),$20-50 Million,A
Save On Beer,Nello,DE Santes,Male,Owner,African American,4770 Mcknight Rd,Pittsburgh,PA,15237,Verified,(412) 366-5272,Around-Northhills.Com,Beer & Ale-Wholesale,$2.5-5 Million,B+
Save-A-Lot Food Stores,Rob,Marshall,Male,Manager,Western Europe,2201 W Oregon Ave,Philadelphia,PA,19145,Verified,(215) 755-1573,Savealot.Com,Grocers-Retail,$5-10 Million,A
Save-A-Lot Food Stores,Thomas,Reganato,Male,Director,Uncoded,5601 Vine St # D,Philadelphia,PA,19139,Verified,(215) 474-2142,Savealot.Com,Grocers-Retail,$5-10 Million,A
Save-A-Lot Food Stores,Shayla,Flanagan,Female,Manager,Hispanic,400 S Main St,Wilkes Barre,PA,18701,Verified,(570) 970-1011,Savealot.Com,Grocers-Retail,$2.5-5 Million,A
Segan's Bloomin' Haus,Jeff,Segan,Male,Owner,Western Europe,339 Grange Rd,Allentown,PA,18106,Verified,(610) 398-0207,NULL,Greenhouses,"Less Than $500,000",B
Sheetz,Tyesha,Moore,Female,Manager,Hispanic,6290 Allentown Blvd,Harrisburg,PA,17112,Verified,(717) 671-6710,Sheetz.Com,Convenience Stores,$5-10 Million,A
Shoprite,Alex,Novack,Male,General Mgr,Uncoded,9910 Frankford Ave,Philadelphia,PA,19114,Verified,(215) 637-1555,Shoprite.Com,Grocers-Retail,$20-50 Million,A
Silver Star Meats Inc,Domonic,Bovalina,Male,Administrator,Hispanic,1720 Middletown Rd,Mc Kees Rocks,PA,15136,Verified,(412) 771-4064,Silverstarmeats.Com,Restaurants,"Less Than $500,000",C+
Singer Equipment Co,Fred,Singer,Male,President,Hispanic,150 S Twin Valley Rd,Elverson,PA,19520,Verified,(610) 387-6400,Singerequipment.Com,Restaurant Equipment & Supplies (Whls),,A+
Sister Food Market,Nora,Melendoz,Female,Owner,African American,815 Morton Ave,Chester,PA,19013,Verified,(610) 874-7808,NULL,Grocers-Retail,$1-2.5 Million,B
Smokers Butchering,Lester,Smoker,Male,Owner,Western Europe,12 Old Leacock Rd,Ronks,PA,17572,Verified,(717) 768-4635,NULL,Processing (Mfrs),$1-2.5 Million,B
Southern Glazer's Wine-Spirits,Patrick,Pokorny,Male,CEO,Hispanic,460 American Ave,King Of Prussia,PA,19406,Verified,(610) 265-6800,Southernglazers.Com,Wines-Retail,$20-50 Million,A+
Spiral Path FARM LLC,Terra,Brownback,Female,Owner,African American,538 Spiral Path Ln,Loysville,PA,17047,Verified,(717) 789-4433,Spiralpathfarm.Com,Farms,"$500,000-1 Million",B+
Stefanelli's Candies,Frank,DE Dionsio,Male,Owner,African American,7200 Peach St # 158,Erie,PA,16509,Verified,(814) 866-8200,NULL,Candy & Confectionery-Retail,"$500,000-1 Million",B+
Supermarket Direct SVC LLC,Harry,Lopez,Male,Owner,Uncoded,943 N Church St,Hazleton,PA,18201,Verified,(570) 497-4114,NULL,Distributor-Groceries (Whls),$1-2.5 Million,U
Surf & Turf Kitchen,Cindy,Matas,Female,Owner,Not Available,2400 Street Rd # 69,Lahaska,PA,18931,Verified,(267) 544-0326,Stkitchenpizza.Com,Restaurants,"Less Than $500,000",U
Sweet Street Desserts,Douglas,Messinger,Male,President,Hispanic,722 Hiesters Ln,Reading,PA,19605,Verified,(610) 929-0616,Sweetstreet.Com,Bakers-Retail,$20-50 Million,A
Sysco Philadelphia,Jean,Eldred,Female,Partner,Eastern European,600 Packer Ave,Philadelphia,PA,19148,Verified,(215) 463-8200,Sysco.Com,Food Products (Whls),,A+
Tasty Baking Co,Charles P,Pizzi,Male,CEO,Western Europe,4300 S 26th St,Philadelphia,PA,19112,Verified,(215) 221-8500,Tastykake.Com,Bread/Other Bakery Prod-Ex Cookies,,A+
Taylor Farm LLC,Robin,Taylor,Female,Owner,Western Europe,2410 Bedminster Rd,Perkasie,PA,18944,Verified,(215) 249-4939,NULL,Farms,"Less Than $500,000",C
Telco Pro USA,Michael,Mccloud,Male,Regional Mgr,,15 Elmwood Ave,Mountain Top,PA,18707,,(570) 474-1150,NULL,Mexican & Latin American Food Products,$20-50 Million,A
Three Brothers Beverage Inc,Mike,Pinto,Male,Owner,,367 Blue Valley Dr,Bangor,PA,18013,,(610) 588-2337,NULL,Beverages (Whls),$5-10 Million,B+
To-Jo Food Products,Bernard J,Ciuffetelli,Male,President,,974 Penn Green Rd,Avondale,PA,19311,,(610) 268-0379,To-Jo.Com,Mushrooms,$2.5-5 Million,A
To-Jo Mushrooms Inc,Anthony,D'Amico,Male,President,,974 Penn Green Rd,Avondale,PA,19311,,(484) 720-8758,To-Jo.Com,Mushrooms,$10-20 Million,A
Turkey Hill Dairy,Tim,Hopkins,Male,CEO,,2601 River Rd,Conestoga,PA,17516,,(717) 872-5461,Turkeyhill.Com,Convenience Stores,,A+
Twin Valley Farm,Ervin,Hoover,Male,Owner,,156 Swamp Rd,Morgantown,PA,19543,,(610) 913-0766,NULL,Farm Equipment-Repairing & Parts,"Less Than $500,000",U
Tyson Foods Inc,Leonard,Payne,Male,Manager,,403 S Custer Ave,New Holland,PA,17557,,(717) 354-4211,Tyson.Com,Meat-Wholesale,Over $1 Billion,A+
United Nature Food,Jeff,Wismans,Male,Director,,225 Cross Farm Ln,York,PA,17406,,(717) 266-8591,Unfi.Com,Food Products (Whls),,B+
Urban Tap,Joseph,Castellano,Male,Exec Officer,,1209 E Carson St # 1,Pittsburgh,PA,15203,,(412) 586-5994,NULL,Beer & Ale-Wholesale,$2.5-5 Million,B+
Utz Quality Foods LLC,Dylan,Lissette,Male,CEO,,900 High St,Hanover,PA,17331,,(717) 637-6644,Utzsnacks.Com,Potato Chips Corn Chips/Snacks (Mfrs),,A+
Valdez Food Inc,Perfecto,Valdez,Male,Owner,,1815 N 2nd St,Philadelphia,PA,19122,,(215) 634-6106,NULL,Food Preparations NEC (Mfrs),$2.5-5 Million,B+
Valewood Farms,William,Itle,Male,President,,517 Vale Wood Rd,Loretto,PA,15940,,(814) 886-7171,Valewoodfarms.Com,Dairies (Milk),$10-20 Million,A
Varona Beer Distr,Pete,Varona,Male,Owner,,135 E Venango St,Philadelphia,PA,19134,,(215) 634-4743,NULL,Beer & Ale-Wholesale,$1-2.5 Million,B
Verdant Field Foods,Ana,Velazquez,Female,Administrator,,1702 Hempstead Rd,Lancaster,PA,17601,,(717) 824-4170,NULL,Food Products (Whls),$5-10 Million,B+
Vieczorek's Tree & Shrub,Reginald,Vieczorek,Male,Owner,,RR 87,Tunkhannock,PA,18657,,(570) 836-6606,NULL,Landscape Contractors,"Less Than $500,000",C
Vigon International Inc,Stephen,Somers,Male,Owner,,127 Airport Rd,East Stroudsburg,PA,18301,,(570) 476-6300,Vigon.Com,Flavoring Extracts-Manufacturers,$20-50 Million,A+
Viva Food Distributors Inc,Angelo,Sanchez,Male,Owner,,3613 N 5th St,Philadelphia,PA,19140,,(215) 426-8800,Foodstuffs.Us,Poultry-Wholesale,$5-10 Million,B+
Walk Le Dairy Farm,Leroy,Walker,Male,Owner,,6898 Oak Ln,Thomasville,PA,17364,,(717) 259-0251,NULL,Dairy Farms,$1-2.5 Million,B
Weaver's Turkey Farm,Sherwin,Weaver,Male,Owner,,154 W Farmersville Rd,Leola,PA,17540,,(717) 354-9136,NULL,Poultry Farms,$1-2.5 Million,B
WEIS Markets,Tony,Menginie,Male,Manager,,1700 Fruitville Pike # A,Lancaster,PA,17601,,(717) 397-8127,Weismarkets.Com,Grocers-Retail,$10-20 Million,A+
Wholesome Food Svc,William,Nagel,Male,Owner,,809 Sampson St,New Castle,PA,16101,,(724) 652-3440,Nccwholesomefoods.Com,Food Products (Whls),$5-10 Million,B+
Winding Brook Farm,William,Garges,Male,Owner,,3014 Bristol Rd,Warrington,PA,18976,,(215) 343-8880,Windingbrookfarm.Com,Farms,"Less Than $500,000",C+
Winter Gardens Quality Foods,Tom,Bross Iii,Male,President,,304 Commerce St,New Oxford,PA,17350,,(717) 624-4911,Wintergardens.Com,Fruits & Vegetables-Wholesale,$100-500 Million,A+
Wood Lake Farm,Leon,Newswanger,Male,Owner,,796 Branch Rd,Woodbury,PA,16695,,(814) 766-2119,NULL,Lawn & Garden Equip & Supplies-Retail,"$500,000-1 Million",C+
Wyndridge Farm,Steven K,Groff,Male,President,,885 S Pleasant Ave,Dallastown,PA,17313,,(717) 244-9900,Wyndridge.Com,Farms,"Less Than $500,000",C
