Name,Sheet Description,Description,Website,Type,City,State,Country,Facebook,Instagram,Twitter,Produce,Grain,Meat,Dairy,Fibers,Flowers,Value Added Products,Accepting Volunteers,Phone #,Email
Darden Bridgeforth & Sons,Darden Bridgeforth & Sons // AL,"""Bridgeforth International (BI) is family-owned and operated in  Tanner Alabama . Since BI opened in 2012, we’ve treated every customer like they were a part of our family. Our exclusive partnership with Darden Bridgeforth and Sons, allows us to provide high quality products which are locally grown by experienced farmers.""",bridgeforthinternational.com,,Tanner,AL,United States,,,,FALSE,TRUE,FALSE,FALSE,FALSE,FALSE,FALSE,,(256) 497-3590,
Fountain Heights Farm,,"""The mission of Fountain Heights Farms is to improve the quality of life for the current residents of the historic Fountain Heights community of Birmingham, Alabama through long term land stewardship by community-led urban agricultural cooperatives focused on meeting the immediate and basic need for healthy fresh foods, and through culturally responsive community education programs that support and inform urban agricultural initiatives in historically under-served areas of Birmingham, Alabama.""",https://www.facebook.com/fountainheightsfarms/,,Birmingham,AL,United States,,@fountainheightsfarms,,TRUE,FALSE,FALSE,FALSE,FALSE,FALSE,FALSE,,(205) 730-6443,info@fountainheightsfarms.com
Webbs Urban Produce Farm,Webbs Urban Produce Farm // AR,,facebook.com/Webbs-Urban-Produce-Farms,,McCrory,AR,United States,Webbs-Urban-Produce-Farms,,,TRUE,FALSE,FALSE,TRUE,FALSE,FALSE,FALSE,,501) 388-3970,jw551387@gmail.com
Bright Star Community Development Corp,Bright Star Community Development Corp // AZ,"""Providing Resources & Services to Enrich, Empower and Improve Lives. Monthly Food Pantry. In Partnership with Southern AZ Community Food Bank/TUSD Backpack Program. Bright Star CDC engages in special care projects that will make a difference""",facebook.com/communityoutreachorganization,,Tucson,AZ,United States,communityoutreachorganization,,,TRUE,FALSE,FALSE,FALSE,FALSE,FALSE,FALSE,,(520) 345-3221,
Patagonia Flower Farm,Patagonia Flower Farm // AZ,"""The foundation of a healthy micro-farm starts with biologically diverse fields and healthy soil. Operated since 2017, Patagonia Flower Farm is your local source for fresh flowers that are never imported. Our organic practices are as healthy for the Earth as they are for your home and office.""",patagoniaflowerfarm.com,,,AZ,United States,,@patagoniaflowerfarm,,FALSE,FALSE,FALSE,FALSE,FALSE,TRUE,FALSE,,(480) 225-7910,Info@PatagoniaFlowerFarm.com
Tiger Mountain Foundation,Tiger Mountain Foundation // AZ,"""The TigerMountain Foundation (TMF) plants fruits & veggies while cultivating better communities. This is done through community garden volunteer work. Our multi-cultural, inter-generational Asset Based Community Development (ABCD) means we don’t give a handout, we give the community a hand up.""",tigermountainfoundation.org,,Phoenix,AZ,United States,tigermntnfdn,@TigermountainFDN,@TigermountainFD,FALSE,FALSE,FALSE,FALSE,FALSE,FALSE,FALSE,,(602) 687-7725,darren.chapman@tigermountainfoundation.org
African American Farmers of California demo farm,African American Farmers of California demo farm // CA,"""The mission of the African American Farmers of California (AAFCA) is to increase within the African American Community an appreciation and understanding of applied resource management through the promotion of sound farmland management, technology, community marketing, and outreach to urban and rural areas.""",facebook.com/AAFCalifornia,,Fresno,CA,United States,,,,FALSE,FALSE,FALSE,FALSE,FALSE,FALSE,FALSE,,,
Afrika Town Community Garden,Afrika Town Community Garden // CA,"""An urban haven in West Oakland, Afrika Town at Qilombo empowers community members via food sustainability, justice, self-defense training and self-care.""",facebook.com/afrikatowncommunitygarden,,West Oakland,CA,United States,,,AfrikaTown,FALSE,FALSE,FALSE,FALSE,FALSE,FALSE,FALSE,,,africanamericanfarmersofca@gmail.com
Black Earth Farms,Black Earth Farms // CA,,blackearthfarms.com/,,,CA,United States,,@blackearthfarms,,FALSE,FALSE,FALSE,FALSE,FALSE,FALSE,FALSE,,,
City Heights Farmers Market,City Heights Farmers Market // CA,"""A True Multi-Cultural Urban Farmers' Market in the Heart of East San Diego City. We match CalFresh/EBT benefits! Double your food dollars with Market Match. Get up to $10 for FREE to spend on produce each week. Fresh fruits and vegetables, hot food vendors, arts and crafts, health programs, live entertainment, children's activities and more!""",facebook.com/CityHeightsFM/,,East San Diego City,CA,United States,,,,TRUE,FALSE,FALSE,TRUE,FALSE,FALSE,TRUE,,(760) 504-4363,
City Slicker Farms,City Slicker Farms // CA,"""City Slicker Farms began with a mission to empower West Oakland community members to meet the basic need for fresh, healthy food by creating sustainable, high-yield urban farms and backyard gardens. Since its founding in 2001, City Slicker Farms has been at the forefront of the 21st-century sustainable urban farming and food justice movement, gaining national recognition as a leader in supporting low-income communities of color to grow food in the city. In those sixteen years, we have built over 400 backyard and community gardens, produced 300,000 pounds of nutrient rich food, and trained thousands of community members in organic gardening methods and environmental stewardship.""",cityslickerfarms.org,,Oakland,CA,United States,,,,FALSE,FALSE,FALSE,FALSE,FALSE,FALSE,FALSE,,(510) 762-4241,info@cityslickerfarms.org
Community Services Unlimited,Community Services Unlimited // CA,"""Community Services Unlimited Inc. (CSU), is a 501c3 established in 1977 and head quartered in South Central Los Angeles. Since then it has created community programs and organizing campaigns like the early Safe Seniors to the more recent Free Medical Screening Program and the most recent From the Ground Up. CSU has also provided fiscal sponsorship and support for many grass roots organizing efforts ranging in diversity from Police Watch, Community in Support of the Gang Truce, and Food Forestry International.""",csuinc.org,,Los Angeles,CA,United States,CSUINC,,CSUINCLA,FALSE,FALSE,FALSE,FALSE,FALSE,FALSE,FALSE,,(213) 746-1216,CSU@csuinc.org
Crop Swap LA,Crop Swap LA // CA,"""Volunteer run since October 2018, first under the name West Adams Crop Swap, Crop Swap LA invites gardeners across Los Angeles to bring their extra veggies, fruits, herbs, and valuable homemade items to trade whatever they wish. The abundance was enormous, and we got to thinking about ways to form infrastructures to harvest it ongoing.""",cropswapla.com,,Los Angeles,CA,United States,,@lacropswap,,TRUE,FALSE,FALSE,TRUE,FALSE,FALSE,TRUE,,,
Farmer Mai Grain Farm,Farmer Mai Grain Farm // CA,,farmermai.com,,,CA,United States,,@farmermainguyen,,FALSE,FALSE,FALSE,FALSE,FALSE,FALSE,FALSE,,,
Farms To Grow,Farms To Grow // CA,,farmstogrow.com,,,CA,United States,,,,FALSE,FALSE,FALSE,FALSE,FALSE,FALSE,FALSE,,,
Logan’s Gardens,Logan’s Gardens // CA,,instagram.com/logansgardens,,,CA,United States,,,,FALSE,FALSE,FALSE,FALSE,FALSE,FALSE,FALSE,,,
Organic Harvest Gardens,Organic Harvest Gardens // CA,,,,,CA,United States,,@organicharvestgrdns,,FALSE,FALSE,FALSE,FALSE,FALSE,FALSE,FALSE,,,
Payómkawichum Nation – Pauma Tribal Farms / Tierra Miguel Farm,Payómkawichum Nation – Pauma Tribal Farms / Tierra Miguel Farm // CA,,https://www.paumatribe.com/pauma-community/partnerships/,,,CA,United States,,,,FALSE,FALSE,FALSE,FALSE,FALSE,FALSE,FALSE,,,
Phat Beets Produce,Phat Beets Produce // CA,,https://phatbeetsproduce.org/,,,CA,United States,,,,FALSE,FALSE,FALSE,FALSE,FALSE,FALSE,FALSE,,,
Planting Justice,Planting Justice // CA,,https://plantingjustice.org/,,,CA,United States,,,,FALSE,FALSE,FALSE,FALSE,FALSE,FALSE,FALSE,,,
Raised Roots,Raised Roots // CA,,https://www.instagram.com/raisedroots/?hl=en,,,CA,United States,,,,FALSE,FALSE,FALSE,FALSE,FALSE,FALSE,FALSE,,,
Rancho de Rodney,Rancho de Rodney // CA,,https://www.facebook.com/pages/category/Farm/Rancho-de-Rodney-503846872978702/,,Fresno,CA,United States,,,,FALSE,FALSE,FALSE,FALSE,FALSE,FALSE,FALSE,,,
RKelley Farms,RKelley Farms // CA,,https://www.rkelleyfarms.com,,,CA,United States,,,,FALSE,FALSE,FALSE,FALSE,FALSE,FALSE,FALSE,,,
Sam Cobb Farms,Sam Cobb Farms // CA,,https://www.samcobbfarms.com/,,,CA,United States,,,,FALSE,FALSE,FALSE,FALSE,FALSE,FALSE,FALSE,,,
Scott Family Farms,Scott Family Farms // CA,,http://scottfamilyfarms.net.p.hostingprod.com/,,Fresno,CA,United States,,@park.city.harvest.llc,,FALSE,FALSE,FALSE,FALSE,FALSE,FALSE,FALSE,,,
Seeds of Xanxadu,Seeds of Xanxadu // CA,,https://www.seedsofxanxadu.com/,,,CA,United States,,,,FALSE,FALSE,FALSE,FALSE,FALSE,FALSE,FALSE,,,
Sierra Seeds,Sierra Seeds // CA,,http://sierraseeds.org/,,,CA,United States,,@rowenwhite,,FALSE,FALSE,FALSE,FALSE,FALSE,FALSE,FALSE,,,
Sola Food Co-op,Sola Food Co-op // CA,,http://www.solafoodcoop.com,,,CA,United States,,,,FALSE,FALSE,FALSE,FALSE,FALSE,FALSE,FALSE,,,
Soul Flower Farm,Soul Flower Farm // CA,,,,,CA,United States,,@soulflowerfarm,,FALSE,FALSE,FALSE,FALSE,FALSE,FALSE,FALSE,,,
South Central Farm,South Central Farm // CA,,https://www.southcentralfarm.org/,,,CA,United States,,,,FALSE,FALSE,FALSE,FALSE,FALSE,FALSE,FALSE,,,
South Central Farmers’ Cooperative (CSA),South Central Farmers’ Cooperative (CSA) // CA,,https://www.southcentralfarmers.com,,,CA,United States,,,,FALSE,FALSE,FALSE,FALSE,FALSE,FALSE,FALSE,,,
Summaeeverythang Community Center,Summaeeverythang Community Center // CA,,https://summaeverythang.org/,,,CA,United States,,,,FALSE,FALSE,FALSE,FALSE,FALSE,FALSE,FALSE,,,
We Grow Urban Farm,We Grow Urban Farm // CA,,,,,CA,United States,,@wegrowurbanfarm,,FALSE,FALSE,FALSE,FALSE,FALSE,FALSE,FALSE,,,
Yisrael Family Urban Farm,Yisrael Family Urban Farm // CA,,,,,CA,United States,,,,FALSE,FALSE,FALSE,FALSE,FALSE,FALSE,FALSE,,,
Freedom School Demonstration Farm,Freedom School Demonstration Farm,,https://www.fresnofreedomschool.com/home,,Fresno,CA,United States,,,,FALSE,FALSE,FALSE,FALSE,FALSE,FALSE,FALSE,,,
Three Sisters Garden,Three Sisters Garden,,https://3sistersgardens.com/,,Sacremento,CA,United States,,,,FALSE,FALSE,FALSE,FALSE,FALSE,FALSE,FALSE,,,
Adventures to Dreams,,,http://www.adventurestodreams.org/#section-76,,,CA,United States,,@adventurestodreams,,FALSE,FALSE,FALSE,FALSE,FALSE,FALSE,FALSE,,,
Feed Our Soul,,,https://www.feedoursoul.com/,,,CA,United States,,@feedoursoul,,FALSE,FALSE,FALSE,FALSE,FALSE,FALSE,FALSE,,,
Five Finger Farms,,,https://www.fivefingerfarms.com/about,,,CA,United States,fivefingerfarms,,,FALSE,FALSE,FALSE,FALSE,FALSE,FALSE,FALSE,,,
IGH Gardens,,,,,,CA,United States,,@ighgardens,,FALSE,FALSE,FALSE,FALSE,FALSE,FALSE,FALSE,,,
LA Green Grounds,,,https://www.lagreengrounds.org/about,,,CA,United States,,@lagreengrounds,,FALSE,FALSE,FALSE,FALSE,FALSE,FALSE,FALSE,,,
Pinehouse Edible Gardens,,,http://pinehouseediblegardens.com/about,,,CA,United States,,@pinehouseediblegardens,,FALSE,FALSE,FALSE,FALSE,FALSE,FALSE,FALSE,,,
Park City Harvest,,,,,Bridgeport,CT,United States,,,,FALSE,FALSE,FALSE,FALSE,FALSE,FALSE,FALSE,,,
Root Life,,,https://www.rootlife.org/about-us,,,CT,United States,,@root.life,,FALSE,FALSE,FALSE,FALSE,FALSE,FALSE,FALSE,,,
Afroculinaria,Afroculinaria // DC,,http://afroculinaria.com/about/,,,DC,United States,,,,FALSE,FALSE,FALSE,FALSE,FALSE,FALSE,FALSE,,,
Community Farming Alliance,Community Farming Alliance // DC,,http://communityfarmingalliance.tumblr.com/,,,DC,United States,,,,FALSE,FALSE,FALSE,FALSE,FALSE,FALSE,FALSE,,,
Good Sense Farm,Good Sense Farm // DC,,https://www.instagram.com/goodsensefarm/?hl=en,,,DC,United States,,,,FALSE,FALSE,FALSE,FALSE,FALSE,FALSE,FALSE,,,
Soilful City (WashingtonDC),Soilful City (WashingtonDC) // DC,,https://soilfulcity.com/,,Washington DC,DC,United States,,,,FALSE,FALSE,FALSE,FALSE,FALSE,FALSE,FALSE,,,
Three Part Harmony,Three Part Harmony // DC,,http://threepartharmonyfarm.org/,,,DC,United States,,,,FALSE,FALSE,FALSE,FALSE,FALSE,FALSE,FALSE,,,
The Rural Coalition,,,https://www.ruralco.org/about-ruralco,,,DC,United States,,@ruralco,,FALSE,FALSE,FALSE,FALSE,FALSE,FALSE,FALSE,,,
Harvest Blessing Garden,Harvest Blessing Garden // FL,,https://www.facebook.com/howdee55/,,Jacksonville,FL,United States,,,,FALSE,FALSE,FALSE,FALSE,FALSE,FALSE,FALSE,,,
Cool Runnings Organic Farms,,,https://www.facebook.com/gojarrett101/,,,FL,United States,,@coolrunningsorganicfarms,,FALSE,FALSE,FALSE,FALSE,FALSE,FALSE,FALSE,,,
Henrietta Bridge Farm Project,,,https://www.urbangrowerscedc.org/about-us.html,,,FL,United States,,@urbangrowerscedc,,FALSE,FALSE,FALSE,FALSE,FALSE,FALSE,FALSE,,,
Smarter By Nature,,,https://www.smarterbynature.org/about-us,,,FL,United States,,@smarterbynature,,FALSE,FALSE,FALSE,FALSE,FALSE,FALSE,FALSE,,,
Atlanta Harvest,Atlanta Harvest // GA,,https://atlantaharvest.com/,,,GA,United States,,,,FALSE,FALSE,FALSE,FALSE,FALSE,FALSE,FALSE,,,
Comfort Farms,Comfort Farms // GA,,,,,GA,United States,,,,FALSE,FALSE,FALSE,FALSE,FALSE,FALSE,FALSE,,,
Federation of Southern Cooperatives,Federation of Southern Cooperatives // GA,,https://www.federation.coop/,,,GA,United States,,,,FALSE,FALSE,FALSE,FALSE,FALSE,FALSE,FALSE,,,
Gangstas To Growers / The Come Up Project,Gangstas To Growers / The Come Up Project // GA,,https://www.facebook.com/gangstastogrowers/,,,GA,United States,,,,FALSE,FALSE,FALSE,FALSE,FALSE,FALSE,FALSE,,,
Gilliams Community Garden,Gilliams Community Garden // GA,,https://gilliamscommunitygarden.org/,,,GA,United States,,,,FALSE,FALSE,FALSE,FALSE,FALSE,FALSE,FALSE,,,
Grow Where You Are,Grow Where You Are // GA,,https://www.growwhereyouare.farm/,,,GA,United States,,,,FALSE,FALSE,FALSE,FALSE,FALSE,FALSE,FALSE,,,
Habesha,Habesha // GA,,https://www.instagram.com/habeshainc/?hl=en,,,GA,United States,,,,FALSE,FALSE,FALSE,FALSE,FALSE,FALSE,FALSE,,,
Haylene the Garden Queen,Haylene the Garden Queen // GA,,https://www.theurbangardeninitiative.org/?gclid=CjwKCAjwufBRBpEiwAVZjzTqJYS-euxpkTlKiKJGqzXgRDCCZeDyTedYBIyQeuLfW_BoCtwsQAvD_BwE,,,GA,United States,,,,FALSE,FALSE,FALSE,FALSE,FALSE,FALSE,FALSE,,,
High Hog Farm,High Hog Farm // GA,,www.highhog.farm ,,,GA,United States,,,,FALSE,FALSE,FALSE,FALSE,FALSE,FALSE,FALSE,,,
Mayflor Farms,Mayflor Farms // GA,,https://mayflorfarms.com/,,,GA,United States,,,,FALSE,FALSE,FALSE,FALSE,FALSE,FALSE,FALSE,,,
Muhammad Farms,Muhammad Farms // GA,,https://www.facebook.com/pages/Muhammad-Farms/117442208315575,,,GA,United States,,,,FALSE,FALSE,FALSE,FALSE,FALSE,FALSE,FALSE,,,
Nature’s Candy Farms,Nature’s Candy Farms // GA,,https://www.facebook.com/naturescandyfarms/,,,GA,United States,,,,FALSE,FALSE,FALSE,FALSE,FALSE,FALSE,FALSE,,,
Outdoor Fresh Farm,Outdoor Fresh Farm // GA,,https://www.facebook.com/pages/category/Agriculture/Outdoor-Fresh-Farm-/,,,GA,United States,,,,FALSE,FALSE,FALSE,FALSE,FALSE,FALSE,FALSE,,,
Patchwork City Farms,Patchwork City Farms // GA,,https://www.patchworkcityfarms.com/,,,GA,United States,,,,FALSE,FALSE,FALSE,FALSE,FALSE,FALSE,FALSE,,,
Phoenix Gardens,Phoenix Gardens // GA,,https://www.phoenixgardens.net/,,,GA,United States,,,,FALSE,FALSE,FALSE,FALSE,FALSE,FALSE,FALSE,,,
SAAFON,SAAFON // GA,,https://saafon.org/,,,GA,United States,,,,FALSE,FALSE,FALSE,FALSE,FALSE,FALSE,FALSE,,,
Semente Farm,Semente Farm // GA,,https://www.sementefarm.com/,,Lithonia,GA,United States,,,,FALSE,FALSE,FALSE,FALSE,FALSE,FALSE,FALSE,,,
Shamba ATL,Shamba ATL // GA,,https://www.instagram.com/shamba.atl/,,,GA,United States,,,,FALSE,FALSE,FALSE,FALSE,FALSE,FALSE,FALSE,,,
SWAG,SWAG // GA,,http://swagcoop.weebly.com/,,,GA,United States,,,,FALSE,FALSE,FALSE,FALSE,FALSE,FALSE,FALSE,,,
Swanson Family Farm,Swanson Family Farm // GA,,https://www.facebook.com/swansonfamilyfarm/,,Hampton,GA,United States,,,,FALSE,FALSE,FALSE,FALSE,FALSE,FALSE,FALSE,,,
The Metro Atlanta Urban Farm,The Metro Atlanta Urban Farm // GA,,http://themetroatlantaurbanfarm.com/,,Royston,GA,United States,,,,FALSE,FALSE,FALSE,FALSE,FALSE,FALSE,FALSE,,,
Truly Living Well Center for Natural Urban Ag,Truly Living Well Center for Natural Urban Ag // GA,,https://www.trulylivingwell.com/about-us,,,GA,United States,,,,FALSE,FALSE,FALSE,FALSE,FALSE,FALSE,FALSE,,,
Urban Sprout Farm,Urban Sprout Farm // GA,,https://www.urbansproutfarms.com/,,,GA,United States,,,,FALSE,FALSE,FALSE,FALSE,FALSE,FALSE,FALSE,,,
West Georgia Growers Cooperative,West Georgia Growers Cooperative // GA,,https://www.facebook.com/westgeorgiafarmerscooperative/,,Hamilton,GA,United States,,,,FALSE,FALSE,FALSE,FALSE,FALSE,FALSE,FALSE,,,
Gilliard Farms,Gilliard Farms,,https://www.gilliard-farms.com/,,Brunswick,GA,United States,,,,FALSE,FALSE,FALSE,FALSE,FALSE,FALSE,FALSE,,,
Bread and Butter Farms,,,http://www.breadandbutterfarms.com/farmers.html,,,GA,United States,,@bread.and.butter.farm.to.table,,FALSE,FALSE,FALSE,FALSE,FALSE,FALSE,FALSE,,,
EM Farms,,,https://www.emfarmsllc.com/about-us-1,,,GA,United States,,@em_farms,,FALSE,FALSE,FALSE,FALSE,FALSE,FALSE,FALSE,,,
Flora Gothica Farms,,,http://floragothica.farm/#fgfthefarm,,,GA,United States,,@floragothicafarms,,FALSE,FALSE,FALSE,FALSE,FALSE,FALSE,FALSE,,,
Georgia Roots Urban Farm,,,https://www.garoots.farm/about.html,,,GA,United States,,@georgiaroots_urbanfarm,,FALSE,FALSE,FALSE,FALSE,FALSE,FALSE,FALSE,,,
Gilliams Community Garden,,,https://gilliamscommunitygarden.org/,,,GA,United States,,@gilliamscommunitygarden,,FALSE,FALSE,FALSE,FALSE,FALSE,FALSE,FALSE,,,
God's Garden Girl!,,,http://godsgardengirl.com/,,,GA,United States,tinisha.o.williams,,,FALSE,FALSE,FALSE,FALSE,FALSE,FALSE,FALSE,,,
Gratitude Botanical Farm,,,https://www.gratitudeatl.com/purpose,,,GA,United States,,@gratitudebotanicalfarm,,FALSE,FALSE,FALSE,FALSE,FALSE,FALSE,FALSE,,,
Holmes Gohard,,,,,,GA,United States,,@holmesgohard,,FALSE,FALSE,FALSE,FALSE,FALSE,FALSE,FALSE,,,
Honey Bee Goode Apiaries,,,http://www.honeybeegoode.net/our-story.html,,,GA,United States,,@honeybeegoodeapiaries,,FALSE,FALSE,FALSE,FALSE,FALSE,FALSE,FALSE,,,
Local Lands,,,https://www.locallands.net/visit_us,,,GA,United States,,@geechiefarmers,,FALSE,FALSE,FALSE,FALSE,FALSE,FALSE,FALSE,,,
Love Blossom Farm,,,https://www.facebook.com/loveblossomfarm/,,,GA,United States,,@loveblossomfarm,,FALSE,FALSE,FALSE,FALSE,FALSE,FALSE,FALSE,,,
Mena's Farm,,,,,,GA,United States,,@menas_farm,,FALSE,FALSE,FALSE,FALSE,FALSE,FALSE,FALSE,,,
Miller City Farm,,,http://millercityfarm.com/,,,GA,United States,,@millercityfarm,,FALSE,FALSE,FALSE,FALSE,FALSE,FALSE,FALSE,,,
On Da Farm,,,http://www.ondafarm.com/home/,,,GA,United States,,@raskofipresentspermakulture,,FALSE,FALSE,FALSE,FALSE,FALSE,FALSE,FALSE,,,
Young Female Farmers,,,http://youngfemalefarmers.com/index.html,,,GA,United States,,@youngfemalefarmers,,FALSE,FALSE,FALSE,FALSE,FALSE,FALSE,FALSE,,,
Aina Company,,,https://ainacompany.com/about/,,,HI,United States,,@aina_company,,FALSE,FALSE,FALSE,FALSE,FALSE,FALSE,FALSE,,,
Slow Island Co,,,https://www.gidaskitchen.com/,,,HI,United States,,,,FALSE,FALSE,FALSE,FALSE,FALSE,FALSE,FALSE,,,
Healthy Food Hub,Healthy Food Hub // IL,,http://www.healthyfoodhub.org/,,,IL,United States,,,,FALSE,FALSE,FALSE,FALSE,FALSE,FALSE,FALSE,,,
Trinity United Church of Christ Farmers Market,Trinity United Church of Christ Farmers Market // IL,,https://www.facebook.com/events/trinity-united-church-of-christ/trinity-ucc-farmers-market/1442305246047799/,,,IL,United States,,,,FALSE,FALSE,FALSE,FALSE,FALSE,FALSE,FALSE,,,
Urban Growers Collective,Urban Growers Collective // IL,,https://urbangrowerscollective.org/,,,IL,United States,,,,FALSE,FALSE,FALSE,FALSE,FALSE,FALSE,FALSE,,,
Your Bountiful Harvest Family Farm,Your Bountiful Harvest Family Farm // IL,,http://YourBountifulHarvest.com/,,,IL,United States,,,,FALSE,FALSE,FALSE,FALSE,FALSE,FALSE,FALSE,,,
Community Food Box Project,Community Food Box Project // IN,,https://www.communityfoodbox.org/,,,IN,United States,,,,FALSE,FALSE,FALSE,FALSE,FALSE,FALSE,FALSE,,,
Growing Good in the Hood,Growing Good in the Hood // IN,,https://kheprw.org/growingood/,,,IN,United States,,,,FALSE,FALSE,FALSE,FALSE,FALSE,FALSE,FALSE,,,
Indiana Black Farmers Coop,Indiana Black Farmers Coop // IN,,http://indianablackfarmers.com/,,,IN,United States,,,,FALSE,FALSE,FALSE,FALSE,FALSE,FALSE,FALSE,,,
P.L.A.N.T.S On Plates,P.L.A.N.T.S On Plates // IN,,https://indyplantsonplates.weebly.com/,,,IN,United States,,,,FALSE,FALSE,FALSE,FALSE,FALSE,FALSE,FALSE,,,
KHEPRW Institute,,,https://kheprw.org/food/,,,IN,United States,@kheprw,,,FALSE,FALSE,FALSE,FALSE,FALSE,FALSE,FALSE,,,
The Hillbilly African,,,https://thehillbillyafrican.com/,,,KS,United States,,@thehillbillyafrican,,FALSE,FALSE,FALSE,FALSE,FALSE,FALSE,FALSE,,,
Barbour’s Farm LLC,Barbour’s Farm LLC // KY,,http://www.barboursfarm.com/,,,KY,United States,,,,FALSE,FALSE,FALSE,FALSE,FALSE,FALSE,FALSE,,,
The Russellville Urban Gardening Project,The Russellville Urban Gardening Project // KY,,https://www.facebook.com/pages/category/Nonprofit-Organization/Russellville-Urban-Gardening-Project-Inc-345475618916404/,,,KY,United States,,,,FALSE,FALSE,FALSE,FALSE,FALSE,FALSE,FALSE,,,
Ballew Estates,,,https://www.ballew-estates.org/our-story,,,KY,United States,,@ballewestatesllc,,FALSE,FALSE,FALSE,FALSE,FALSE,FALSE,FALSE,,,
Black Soil Life,,,https://www.blacksoil.life/#about,,,KY,United States,blacksoilky,,,FALSE,FALSE,FALSE,FALSE,FALSE,FALSE,FALSE,,,
Kentucky Greens Co.,,,https://kentuckygreens.com/,,,KY,United States,,@kentuckygreens,,FALSE,FALSE,FALSE,FALSE,FALSE,FALSE,FALSE,,,
Slak Market Farm,,,https://www.realmilklexington.com/,,,KY,United States,,@slakmarketfarm,,FALSE,FALSE,FALSE,FALSE,FALSE,FALSE,FALSE,,,
Armstrong Farms,Armstrong Farms // LA,,https://www.facebook.com/ArmstrongFarms/,,,LA,United States,,,,FALSE,FALSE,FALSE,FALSE,FALSE,FALSE,FALSE,,,
Grow Dat Youth Farm,,,https://growdatyouthfarm.org/,,,LA,United States,,@growdatyouthfarm,,FALSE,FALSE,FALSE,FALSE,FALSE,FALSE,FALSE,,,
Flats Mentor Farm,Flats Mentor Farm // MA,,https://www.worldfarmers.org/programs/,,,MA,United States,,@flats_mentor_farm,,FALSE,FALSE,FALSE,FALSE,FALSE,FALSE,FALSE,,,
Dudley Grows,Dudley Grows,,https://www.facebook.com/dudleyfarmersmarket/,,Boston ,MA,United States,,,,FALSE,FALSE,FALSE,FALSE,FALSE,FALSE,FALSE,,,
Common Good Cooperatives,,,https://www.commongoodcooperatives.com/,,,MA,United States,,@thecommongoodproject,,FALSE,FALSE,FALSE,FALSE,FALSE,FALSE,FALSE,,,
The Food Project,,,https://thefoodproject.org/about-us/,,,MA,United States,,@the_food_project,,FALSE,FALSE,FALSE,FALSE,FALSE,FALSE,FALSE,,,
Urban Farming Institute of Boston,,,http://www.urbanfarminginstitute.org/about-us,,,MA,United States,urbanfarminginstituteboston,,,FALSE,FALSE,FALSE,FALSE,FALSE,FALSE,FALSE,,,
Bliss Meadow & Backyard Basecamp,Bliss Meadow & Backyard Basecamp // MD,,https://backyardbasecamp.org/,,,MD,United States,,@Backyard_Basecamp,,FALSE,FALSE,FALSE,FALSE,FALSE,FALSE,FALSE,,,
Tha Flower Factory,Tha Flower Factory // MD,,https://www.facebook.com/ThaFlowerFactory/,,Baltimore,MD,United States,,,,FALSE,FALSE,FALSE,FALSE,FALSE,FALSE,FALSE,,,
The Bladensburg Farm,The Bladensburg Farm // MD,,https://www.ecoffshoots.org/programs/bladensburg-farm/,,Riverdale,MD,United States,,,,FALSE,FALSE,FALSE,FALSE,FALSE,FALSE,FALSE,,,
The Greener Garden,The Greener Garden // MD,,https://www.facebook.com/thegreenergarden/,,,MD,United States,,,,FALSE,FALSE,FALSE,FALSE,FALSE,FALSE,FALSE,,,
Cherry Hill Urban Garden,,,http://www.farmalliancebaltimore.org/farms/cherry-hill-urban-garden/,,,MD,United States,CherryHillUrbanGarden,,,FALSE,FALSE,FALSE,FALSE,FALSE,FALSE,FALSE,,,
DC Urban Greens Inc.,,,http://www.dcurbangreens.org/,,,MD,United States,,@dcurbangreens,,FALSE,FALSE,FALSE,FALSE,FALSE,FALSE,FALSE,,,
Deep Roots Farm,,,https://deeprootsfarm.us/,,,MD,United States,,@farmergale,,FALSE,FALSE,FALSE,FALSE,FALSE,FALSE,FALSE,,,
District Growers,,,https://www.districtgrowers.com/copy-of-flowers-1,,,MD,United States,,@districtgrowers,,FALSE,FALSE,FALSE,FALSE,FALSE,FALSE,FALSE,,,
Dodo Farms,,,https://www.dodofarmsmd.com/,,,MD,United States,,@dodofarms,,FALSE,FALSE,FALSE,FALSE,FALSE,FALSE,FALSE,,,
Eco City Farms,,,http://www.ecoffshoots.org/about-us/,,,MD,United States,,@ecocityfarms,,FALSE,FALSE,FALSE,FALSE,FALSE,FALSE,FALSE,,,
H St. Farms,,,http://www.cultivatethecity.com/h-st-farms-ws-jenks-son/,,,MD,United States,,@hstfarms,,FALSE,FALSE,FALSE,FALSE,FALSE,FALSE,FALSE,,,
HYPE Yourh and Community Garden,,,,,,MD,United States,,@hypegardenproject,,FALSE,FALSE,FALSE,FALSE,FALSE,FALSE,FALSE,,,
Strength to Love II,,,https://s2l2.intersectionofchange.org/,,,MD,United States,,@strengthtolovefarm,,FALSE,FALSE,FALSE,FALSE,FALSE,FALSE,FALSE,,,
New Roots Community Farm,,,https://newrootscooperativefarm.com/biography/,,,ME,United States,,@newrootscoop,,FALSE,FALSE,FALSE,FALSE,FALSE,FALSE,FALSE,,,
Somali Bantu Community Association,,,https://somalibantumaine.org/somali-bantu-background/,,,ME,United States,,@somalibantumaine,,FALSE,FALSE,FALSE,FALSE,FALSE,FALSE,FALSE,,,
Barbara Norman’s Blueberry Patch,Barbara Norman’s Blueberry Patch // MI,,,,,MI,United States,,,,FALSE,FALSE,FALSE,FALSE,FALSE,FALSE,FALSE,,,
D-Town Farm,D-Town Farm // MI,,http://dtownfarm.blogspot.com/,,Detroit,MI,United States,,,,FALSE,FALSE,FALSE,FALSE,FALSE,FALSE,FALSE,,,
Detroit Black Community Food Security Network,Detroit Black Community Food Security Network // MI,,https://www.dbcfsn.org/,,Detroit,MI,United States,,,,FALSE,FALSE,FALSE,FALSE,FALSE,FALSE,FALSE,,,
Bohlen Family Farms,Bohlen Family Farms // MO,,http://bohlenfamilyfarms.com/,,,MO,United States,,,,FALSE,FALSE,FALSE,FALSE,FALSE,FALSE,FALSE,,,
Shire Gate Farm,Shire Gate Farm // MO,,http://www.shiregatefarm.com/,,,MO,United States,,,,FALSE,FALSE,FALSE,FALSE,FALSE,FALSE,FALSE,,,
Nile Valley Aquaponics,,,http://nilevalleyaquaponics.com/our-story/,,,MO,United States,,@nilevalleyaquaponics,,FALSE,FALSE,FALSE,FALSE,FALSE,FALSE,FALSE,,,
Foot Print Farms,Foot Print Farms // MS,,https://footprintfarmsms.com/about/,,,MS,United States,,@footprintfarms,,FALSE,FALSE,FALSE,FALSE,FALSE,FALSE,FALSE,,,
Abanitu Farm,Abanitu Farm // NC,,http://www.abanituorganics.com/,,Roxboro,NC,United States,,,,FALSE,FALSE,FALSE,FALSE,FALSE,FALSE,FALSE,,,
Faithfull Farms,Faithfull Farms // NC,,https://faithfull-farms.square.site/,,Chapel Hill,NC,United States,,,,FALSE,FALSE,FALSE,FALSE,FALSE,FALSE,FALSE,,,
First Fruits Farm,First Fruits Farm // NC,,https://wisdomforlife.org/firstfruitsfarm,,Louisburg,NC,United States,,,,FALSE,FALSE,FALSE,FALSE,FALSE,FALSE,FALSE,,,
Mother’s Finest Urban Farms,Mother’s Finest Urban Farms // NC,,https://www.mothersfinesturbanfarms.com/,,Winston Salem,NC,United States,,,,FALSE,FALSE,FALSE,FALSE,FALSE,FALSE,FALSE,,,
Oliver’s AgroForest,Oliver’s AgroForest // NC,,https://www.instagram.com/olivers.agroforest/?hl=en,,,NC,United States,,@olivers.agroforest,,FALSE,FALSE,FALSE,FALSE,FALSE,FALSE,FALSE,,,
Pine Knot Farms,Pine Knot Farms // NC,,https://www.pineknotfarmsnc.com/,,Hillsborough,NC,United States,,,,FALSE,FALSE,FALSE,FALSE,FALSE,FALSE,FALSE,,,
Sankofa Farms,Sankofa Farms // NC,,https://www.sankofafarmsllc.com/,,,NC,United States,,,,FALSE,FALSE,FALSE,FALSE,FALSE,FALSE,FALSE,,,
Savage Farms,Savage Farms // NC,,http://www.bflt.org/savage-farm.html,,Fresno,NC,United States,,,,FALSE,FALSE,FALSE,FALSE,FALSE,FALSE,FALSE,,,
Golden Organic Farm,Golden Organic Farm,,https://www.facebook.com/GoldenOrganicFarmLLC/,,Pinetops,NC,United States,,,,FALSE,FALSE,FALSE,FALSE,FALSE,FALSE,FALSE,,,
Growing High Point,,,https://growinghighpoint.org/about-us/,,,NC,United States,,@growinghighpoint,,FALSE,FALSE,FALSE,FALSE,FALSE,FALSE,FALSE,,,
Hempfinity,,,https://hempfinityus.com/pages/about-us,,,NC,United States,,@hempfinityus,,FALSE,FALSE,FALSE,FALSE,FALSE,FALSE,FALSE,,,
Kindered Seedlings,,,https://www.facebook.com/kindredseedlings/,,,NC,United States,,@kindredseedlings,,FALSE,FALSE,FALSE,FALSE,FALSE,FALSE,FALSE,,,
Moonlight Farms,,,https://www.moonlightfarmsnc.com/about-us,,,NC,United States,,@MoonlightfarmsNC,,FALSE,FALSE,FALSE,FALSE,FALSE,FALSE,FALSE,,,
Off Grid in Color,,,https://offgridincolors.com/#about,,,NC,United States,,@offgridincolor,,FALSE,FALSE,FALSE,FALSE,FALSE,FALSE,FALSE,,,
Tall Grass Food Box,,,https://www.tallgrassnc.com/,,,NC,United States,,@tallgrassfoodbox,,FALSE,FALSE,FALSE,FALSE,FALSE,FALSE,FALSE,,,
Urban Community Agrinomics Catawba Trail Farm,,,https://www.ucan.today/,,,NC,United States,,@urbancommunityagrinomics,,FALSE,FALSE,FALSE,FALSE,FALSE,FALSE,FALSE,,,
Fresh Start Farms,,,https://www.freshstartfarmsnh.com/,,,NH,United States,freshstartfarmsnh,,,FALSE,FALSE,FALSE,FALSE,FALSE,FALSE,FALSE,,,
Free Haven Farms,,,https://freehaveneducationalfarms.com/about/,,,NJ,United States,,@freehavenfarms,,FALSE,FALSE,FALSE,FALSE,FALSE,FALSE,FALSE,,,
Green Acre Community Garden,,,https://greenacrecommunitygarden.org/aboutus,,,NJ,United States,,@paterson_green_acre,,FALSE,FALSE,FALSE,FALSE,FALSE,FALSE,FALSE,,,
Jannah on Grafton,,,https://soulphoodie.com/2020/05/17/newark-educators-transform-vacant-lot-into-an-urban-garden/,,,NJ,United States,,@newarksjog,,FALSE,FALSE,FALSE,FALSE,FALSE,FALSE,FALSE,,,
Morris Gbolo's World Crop Farms,,,http://site.worldcropsfarm.com/About.html,,,NJ,United States,,,,FALSE,FALSE,FALSE,FALSE,FALSE,FALSE,FALSE,,,
Ward's Farm NJ,,,http://wardsfarmnj.com/,,,NJ,United States,,@wardsfarmnj,,FALSE,FALSE,FALSE,FALSE,FALSE,FALSE,FALSE,,,
Zach & Zoë Sweet Bee Farm,,,https://zachandzoe.co/pages/our-story,,,NJ,United States,,@zachandzoehoney,,FALSE,FALSE,FALSE,FALSE,FALSE,FALSE,FALSE,,,
Sawasawa Organic Farming,,,https://www.facebook.com/pages/category/Urban-Farm/Sawasawa-Organic-Farming-412567292645919/,,,NM,United States,,@sawasawaorganicfarm,,FALSE,FALSE,FALSE,FALSE,FALSE,FALSE,FALSE,,,
Black Urban Growers,Black Urban Growers // NY,,http://blackurbangrowers.org/,,,NY,United States,,,,FALSE,FALSE,FALSE,FALSE,FALSE,FALSE,FALSE,,,
BLK Projek - The Black Feminist Project,BLK Projek - The Black Feminist Project // NY,,http://www.theblackfeministproject.org/,,,NY,United States,,,,FALSE,FALSE,FALSE,FALSE,FALSE,FALSE,FALSE,,,
Brooklyn Rescue Mission Urban Harvest,Brooklyn Rescue Mission Urban Harvest // NY,,http://brmuhc.org/,,Brooklyn,NY,United States,,,,FALSE,FALSE,FALSE,FALSE,FALSE,FALSE,FALSE,,,
Corbin Hill Food Project,Corbin Hill Food Project // NY,,http://corbinhill-foodproject.org/,,,NY,United States,,,,FALSE,FALSE,FALSE,FALSE,FALSE,FALSE,FALSE,,,
East New York Farms,East New York Farms // NY,,https://ucceny.org/enyf/,,,NY,United States,,,,FALSE,FALSE,FALSE,FALSE,FALSE,FALSE,FALSE,,,
La Familia Verde,La Familia Verde // NY,,http://www.lafamiliaverde.org/,,,NY,United States,,,,FALSE,FALSE,FALSE,FALSE,FALSE,FALSE,FALSE,,,
Oko Farms,Oko Farms // NY,,https://www.okofarms.org/,,,NY,United States,,@okofarms,,FALSE,FALSE,FALSE,FALSE,FALSE,FALSE,FALSE,,,
Rise and Root Farm,Rise and Root Farm // NY,,http://www.riseandrootfarm.com/,,Chester,NY,United States,,@riseandrootfarm,,FALSE,FALSE,FALSE,FALSE,FALSE,FALSE,FALSE,,,
Rocky Acres Community Farm,Rocky Acres Community Farm // NY,,https://www.facebook.com/rockyacrescommunityfarm/,,,NY,United States,,,,FALSE,FALSE,FALSE,FALSE,FALSE,FALSE,FALSE,,,
Soul Fire Farm,Soul Fire Farm // NY,,http://www.soulfirefarm.org/,,Petersburg,NY,United States,,,,FALSE,FALSE,FALSE,FALSE,FALSE,FALSE,FALSE,,,
Triple J Farm,Triple J Farm // NY,,https://www.instagram.com/triplejfarm_ny/,,,NY,United States,,,,FALSE,FALSE,FALSE,FALSE,FALSE,FALSE,FALSE,,,
Wild Seed Community Farms,Wild Seed Community Farms // NY,,http://www.wildseedcommunity.org/,,,NY,United States,,,,FALSE,FALSE,FALSE,FALSE,FALSE,FALSE,FALSE,,,
Brooklyn Rescue Mission Bed Stuy Farm and Urban Harvest Center,,,http://brmuhc.org/about-us/,,,NY,United States,,@brooklyn_rescue_mission,,FALSE,FALSE,FALSE,FALSE,FALSE,FALSE,FALSE,,,
Hattie Carthan Community Market,,,https://www.hattiecarthancommunitymarket.com/about_us,,,NY,United States,,@hattie.carthan,,FALSE,FALSE,FALSE,FALSE,FALSE,FALSE,FALSE,,,
Isabahlia Garden,,,https://www.isabahlialoefinc.org/about,,,NY,United States,,@isabahlialoef,,FALSE,FALSE,FALSE,FALSE,FALSE,FALSE,FALSE,,,
La Familia Verde,,,http://www.lafamiliaverde.org/about-us.html,,,NY,United States,,@lafamilia.verde,,FALSE,FALSE,FALSE,FALSE,FALSE,FALSE,FALSE,,,
Lomar Farms,,,https://www.lomarfarms.com/pages/about-us,,,NY,United States,,@lomarfarms,,FALSE,FALSE,FALSE,FALSE,FALSE,FALSE,FALSE,,,
Papa Rozier Farms,,,https://paparozierfarms.com/pages/how-we-make-it,,,NY,United States,,@paparozier,,FALSE,FALSE,FALSE,FALSE,FALSE,FALSE,FALSE,,,
Phoenix Community Garden,,,https://www.phoenixcommunitygarden.org/,,,NY,United States,Phoenix-Community-Garden,,,FALSE,FALSE,FALSE,FALSE,FALSE,FALSE,FALSE,,,
Shinnecock Hemp,,,https://shinnecockhemp.com/,,,NY,United States,,@shinnecock_hemp,,FALSE,FALSE,FALSE,FALSE,FALSE,FALSE,FALSE,,,
Tehuti Ma'at,,,https://tehutimaat.org/about/,,,NY,United States,,@tehutimaat,,FALSE,FALSE,FALSE,FALSE,FALSE,FALSE,FALSE,,,
Universe City,,,https://www.universecity.nyc/about-universe-city-brownsville-brooklyn,,,NY,United States,,@universecitynyc,,FALSE,FALSE,FALSE,FALSE,FALSE,FALSE,FALSE,,,
Chateau Hough Vineyard,Chateau Hough Vineyard // OH,,https://www.chateauhough.com/,,,OH,United States,,,,FALSE,FALSE,FALSE,FALSE,FALSE,FALSE,FALSE,,,
Rid-All Green Partnership,Rid-All Green Partnership // OH,,http://www.greennghetto.org/,,,OH,United States,,,,FALSE,FALSE,FALSE,FALSE,FALSE,FALSE,FALSE,,,
Mudbone Grown Farm,Mudbone Grown Farm // OR,,https://www.mudbonegrown.com/home,,Portland,OR,United States,,@mudbonegrown,,FALSE,FALSE,FALSE,FALSE,FALSE,FALSE,FALSE,,,
Rainshadow Organics,Rainshadow Organics // OR,,http://www.rainshadoworganics.com/,,Sisters,OR,United States,,,,FALSE,FALSE,FALSE,FALSE,FALSE,FALSE,FALSE,,,
Black Futures Farm,,,https://blackfutures.farm/,,,OR,United States,,@blackfuturesfarm,,FALSE,FALSE,FALSE,FALSE,FALSE,FALSE,FALSE,,,
Cultivated Roots,,,,,,OR,United States,,@cultivated_roots_farm,,FALSE,FALSE,FALSE,FALSE,FALSE,FALSE,FALSE,,,
Raceme Farm Collective,,,https://racemefarmers.org/,,,OR,United States,,@racemefarmers,,FALSE,FALSE,FALSE,FALSE,FALSE,FALSE,FALSE,,,
Scrapberry Farm,,,https://scrapberryfarm.org/,,,OR,United States,,@scrapberryfarm,,FALSE,FALSE,FALSE,FALSE,FALSE,FALSE,FALSE,,,
Mill Creek Farm,Mill Creek Farm // PA,,http://www.millcreekurbanfarm.org/,,,PA,United States,,,,FALSE,FALSE,FALSE,FALSE,FALSE,FALSE,FALSE,,,
Soil Generation,Soil Generation // PA,,https://soilgeneration.org/,,,PA,United States,,,,FALSE,FALSE,FALSE,FALSE,FALSE,FALSE,FALSE,,,
The Philadelphia Urban Creators,The Philadelphia Urban Creators // PA,,http://phillyurbancreators.org/,,,PA,United States,,,,FALSE,FALSE,FALSE,FALSE,FALSE,FALSE,FALSE,,,
Black Urban Gardeners and Farmers of Pittsburgh Co-op,,,https://bugfpc.com/about-us/,,,PA,United States,blackurbangardeners,,,FALSE,FALSE,FALSE,FALSE,FALSE,FALSE,FALSE,,,
MycoSymbitics,,,https://www.mycoshop.net/about,,,PA,United States,,@mycosymbiote,,FALSE,FALSE,FALSE,FALSE,FALSE,FALSE,FALSE,,,
North Philly Peace Park,,,https://www.phillypeacepark.org/,,,PA,United States,,@northphillypeacepark,,FALSE,FALSE,FALSE,FALSE,FALSE,FALSE,FALSE,,,
Philly Forests,,,,,,PA,United States,,@phillyforests,,FALSE,FALSE,FALSE,FALSE,FALSE,FALSE,FALSE,,,
Sankofa at Bartram's Garden,,,https://bartramsgarden.org/farm/,,,PA,United States,,@sankofacommunityfarm,,FALSE,FALSE,FALSE,FALSE,FALSE,FALSE,FALSE,,,
Movement Ground Farm,Movement Ground Farm // RI,,https://movementgroundfarm.wordpress.com/,,,RI,United States,,,,FALSE,FALSE,FALSE,FALSE,FALSE,FALSE,FALSE,,,
Quaintly Farm,,,https://www.quaintlyfarm.com/,,,RI,United States,,@quaintlyfarmri,,FALSE,FALSE,FALSE,FALSE,FALSE,FALSE,FALSE,,,
Fresh Future Farm,Fresh Future Farm // SC,,https://www.freshfuturefarm.org/,,,SC,United States,,@freshfuturefarm,,FALSE,FALSE,FALSE,FALSE,FALSE,FALSE,FALSE,,,
Morning Glory Homestead,,,https://www.morninggloryhomestead.com/about-the-farm,,,SC,United States,,@morninggloryhomestead,,FALSE,FALSE,FALSE,FALSE,FALSE,FALSE,FALSE,,,
Craft Farms,,,https://www.craftorganization.org/about,,,TN,United States,,@craftfarms901,,FALSE,FALSE,FALSE,FALSE,FALSE,FALSE,FALSE,,,
Jacob’s Family Farm,Jacob’s Family Farm // TX,,https://www.jacobsfamilyfarms.com/,,,TX,United States,,,,FALSE,FALSE,FALSE,FALSE,FALSE,FALSE,FALSE,,,
Sweetwater Farms,Sweetwater Farms // TX,,https://sweetwaterfarmshtx.square.site/,,,TX,United States,,,,FALSE,FALSE,FALSE,FALSE,FALSE,FALSE,FALSE,,,
We Over Me Farm,We Over Me Farm // TX,,https://www.pqc.edu/we-over-me-farm/,,,TX,United States,,,,FALSE,FALSE,FALSE,FALSE,FALSE,FALSE,FALSE,,,
Urban Dallas Farm and Rabbitry,,,,,,TX,United States,,@urbandallasfarm,,FALSE,FALSE,FALSE,FALSE,FALSE,FALSE,FALSE,,,
Haynie Farms,Haynie Farms // VA,,http://www.hayniefarms.com/,,Reedville,VA,United States,,,,FALSE,FALSE,FALSE,FALSE,FALSE,FALSE,FALSE,,,
Sylvanaqua Farms,Sylvanaqua Farms // VA,,https://www.sylvanaqua.com/,,Norfolk,VA,United States,,,,FALSE,FALSE,FALSE,FALSE,FALSE,FALSE,FALSE,,,
Vanguard Ranch Natural Gourmet,Vanguard Ranch Natural Gourmet // VA,,https://vanguard-ranch-natural-gourmet.ueniweb.com/,,,VA,United States,,,,FALSE,FALSE,FALSE,FALSE,FALSE,FALSE,FALSE,,,
Mighty Thundercloud,,,http://thundercloud.farm/,,,VA,United States,,@edibleforest,,FALSE,FALSE,FALSE,FALSE,FALSE,FALSE,FALSE,,,
The Carter Farms,,,http://thecarterfarms.com/#about,,,VA,United States,,@carterfarmsva,,FALSE,FALSE,FALSE,FALSE,FALSE,FALSE,FALSE,,,
Clemmons Family Farm,Clemmons Family Farm // VT,,http://www.clemmonsfamilyfarm.org/,,,VT,United States,ClemmonsFarm,@clemmonsfarm,,FALSE,FALSE,FALSE,FALSE,FALSE,FALSE,FALSE,,,
ZAFA wines,,,https://zafawines.com/the-motto,,,VT,United States,,@zafawines,,FALSE,FALSE,FALSE,FALSE,FALSE,FALSE,FALSE,,,
Clean Greens,Clean Greens // WA,,https://www.cleangreensfarm.net/,,Seattle,WA,United States,,,,FALSE,FALSE,FALSE,FALSE,FALSE,FALSE,FALSE,,,
Hilltop Urban Gardens,Hilltop Urban Gardens // WA,,https://www.hilltopurbanfarm.org/,,,WA,United States,,,,FALSE,FALSE,FALSE,FALSE,FALSE,FALSE,FALSE,,,
Sky Island Farm,Sky Island Farm // WA,,https://skyislandfarm.org/,,Humptulips,WA,United States,,,,FALSE,FALSE,FALSE,FALSE,FALSE,FALSE,FALSE,,,
Herban Farm,Herban Farm,,https://herbanfarmonline.com/,,Seattle,WA,United States,,@herbanfarmnw,,FALSE,FALSE,FALSE,FALSE,FALSE,FALSE,FALSE,,,
Ebony By Nature,,,https://www.instagram.com/p/CBABFlvAKyG/,,,WA,United States,,@ebony.by.nature,,FALSE,FALSE,FALSE,FALSE,FALSE,FALSE,FALSE,,,
Lesedi Farm,,,https://www.lesedifarm.com/about-us,,,WA,United States,,@lesedifarm20,,FALSE,FALSE,FALSE,FALSE,FALSE,FALSE,FALSE,,,
Log Hollow Farms,,,http://loghollowfarms.com/?fbclid=IwAR3BzSXnyZwrR0dhCZN4CEkn9hJtcvU6PQnmKankJ-LAcpKv76-H77VsLf4,,,WA,United States,,@loghollowfarms,,FALSE,FALSE,FALSE,FALSE,FALSE,FALSE,FALSE,,,
Nootka Farm Collective,,,http://www.nootkafarmcollective.com/,,,WA,United States,,@nootkafarmcollective,,FALSE,FALSE,FALSE,FALSE,FALSE,FALSE,FALSE,,,
Nurturing Roots Farm,,,https://www.facebook.com/NurturingRoots206/,,,WA,United States,,@nurturingrootsfarm,,FALSE,FALSE,FALSE,FALSE,FALSE,FALSE,FALSE,,,
Yes Farm,,,https://www.blackfarmerscollective.com/about,,,WA,United States,,@yesfarmofficial,,FALSE,FALSE,FALSE,FALSE,FALSE,FALSE,FALSE,,,
Love Land Acres Farm,Love Land Acres Farm // WI,,https://www.facebook.com/lovelandacresfarm/,,,WI,United States,,,,FALSE,FALSE,FALSE,FALSE,FALSE,FALSE,FALSE,,,
Earth Star Herbals,,,https://www.alysonmorgan.com/new-folder,,,WI,United States,,@alysonsimplygrows,,FALSE,FALSE,FALSE,FALSE,FALSE,FALSE,FALSE,,,
Source Farm,Source Farm,,www.thesourcefarm.com,,Johns Town,,Jamaica,,,,FALSE,FALSE,FALSE,FALSE,FALSE,FALSE,FALSE,,,
Sundance Harvest,Sundance Harvest,,https://www.sundanceharvestfarm.com/,,Toronto,,Canada,,@sundanceharvest,,FALSE,FALSE,FALSE,FALSE,FALSE,FALSE,FALSE,,,
Tuzini Farms,,,https://www.facebook.com/tuzinifarms/,,Lusaka,,Zambia,,,,FALSE,FALSE,FALSE,FALSE,FALSE,FALSE,FALSE,,,
Black Creek Community Farm,,,https://www.blackcreekfarm.ca/about-us/,,,,Canada,,@blackcreekcommunityfarm,,FALSE,FALSE,FALSE,FALSE,FALSE,FALSE,FALSE,,,
Farmer Brown Tha MC,,,https://www.farmerbrownthamc.com/,,,,United States,,@farmerbrownthamc,,FALSE,FALSE,FALSE,FALSE,FALSE,FALSE,FALSE,,,
Divine Natural Ancestry,,"""Divine Natural Ancestry is a collective of three spiritual kinfolk living on Dakota and Anishinaabe land. We are dedicated to choosing life, love, healing through Radical Liberation. We are stewards of the earth, healers, creators, warriors, and visionaries. We are called to use our gifts to continue our ancestors Revolution and heal trauma both interpersonally and communally.""",https://www.divinenaturalancestry.com/,,Minneapolis,MN,United States,,@divinenaturalancestry,,FALSE,FALSE,FALSE,FALSE,FALSE,FALSE,FALSE,,,divinenaturalancestry@gmail.com
,,,,,,,,,,,FALSE,FALSE,FALSE,FALSE,FALSE,FALSE,FALSE,,,
,,,,,,,,,,,FALSE,FALSE,FALSE,FALSE,FALSE,FALSE,FALSE,,,
,,,,,,,,,,,FALSE,FALSE,FALSE,FALSE,FALSE,FALSE,FALSE,,,
,,,,,,,,,,,FALSE,FALSE,FALSE,FALSE,FALSE,FALSE,FALSE,,,
,,,,,,,,,,,FALSE,FALSE,FALSE,FALSE,FALSE,FALSE,FALSE,,,
,,,,,,,,,,,FALSE,FALSE,FALSE,FALSE,FALSE,FALSE,FALSE,,,
,,,,,,,,,,,FALSE,FALSE,FALSE,FALSE,FALSE,FALSE,FALSE,,,
,,,,,,,,,,,FALSE,FALSE,FALSE,FALSE,FALSE,FALSE,FALSE,,,
,,,,,,,,,,,FALSE,FALSE,FALSE,FALSE,FALSE,FALSE,FALSE,,,
,,,,,,,,,,,FALSE,FALSE,FALSE,FALSE,FALSE,FALSE,FALSE,,,
,,,,,,,,,,,FALSE,FALSE,FALSE,FALSE,FALSE,FALSE,FALSE,,,
,,,,,,,,,,,FALSE,FALSE,FALSE,FALSE,FALSE,FALSE,FALSE,,,
,,,,,,,,,,,FALSE,FALSE,FALSE,FALSE,FALSE,FALSE,FALSE,,,
,,,,,,,,,,,FALSE,FALSE,FALSE,FALSE,FALSE,FALSE,FALSE,,,
,,,,,,,,,,,FALSE,FALSE,FALSE,FALSE,FALSE,FALSE,FALSE,,,
,,,,,,,,,,,FALSE,FALSE,FALSE,FALSE,FALSE,FALSE,FALSE,,,
,,,,,,,,,,,FALSE,FALSE,FALSE,FALSE,FALSE,FALSE,FALSE,,,
,,,,,,,,,,,FALSE,FALSE,FALSE,FALSE,FALSE,FALSE,FALSE,,,
,,,,,,,,,,,FALSE,FALSE,FALSE,FALSE,FALSE,FALSE,FALSE,,,
,,,,,,,,,,,FALSE,FALSE,FALSE,FALSE,FALSE,FALSE,FALSE,,,
,,,,,,,,,,,FALSE,FALSE,FALSE,FALSE,FALSE,FALSE,FALSE,,,
,,,,,,,,,,,FALSE,FALSE,FALSE,FALSE,FALSE,FALSE,FALSE,,,
,,,,,,,,,,,FALSE,FALSE,FALSE,FALSE,FALSE,FALSE,FALSE,,,
,,,,,,,,,,,FALSE,FALSE,FALSE,FALSE,FALSE,FALSE,FALSE,,,
,,,,,,,,,,,FALSE,FALSE,FALSE,FALSE,FALSE,FALSE,FALSE,,,
,,,,,,,,,,,FALSE,FALSE,FALSE,FALSE,FALSE,FALSE,FALSE,,,
,,,,,,,,,,,FALSE,FALSE,FALSE,FALSE,FALSE,FALSE,FALSE,,,
,,,,,,,,,,,FALSE,FALSE,FALSE,FALSE,FALSE,FALSE,FALSE,,,
,,,,,,,,,,,FALSE,FALSE,FALSE,FALSE,FALSE,FALSE,FALSE,,,
,,,,,,,,,,,FALSE,FALSE,FALSE,FALSE,FALSE,FALSE,FALSE,,,
,,,,,,,,,,,FALSE,FALSE,FALSE,FALSE,FALSE,FALSE,FALSE,,,
,,,,,,,,,,,FALSE,FALSE,FALSE,FALSE,FALSE,FALSE,FALSE,,,
,,,,,,,,,,,FALSE,FALSE,FALSE,FALSE,FALSE,FALSE,FALSE,,,
,,,,,,,,,,,FALSE,FALSE,FALSE,FALSE,FALSE,FALSE,FALSE,,,
,,,,,,,,,,,FALSE,FALSE,FALSE,FALSE,FALSE,FALSE,FALSE,,,
,,,,,,,,,,,FALSE,FALSE,FALSE,FALSE,FALSE,FALSE,FALSE,,,
,,,,,,,,,,,FALSE,FALSE,FALSE,FALSE,FALSE,FALSE,FALSE,,,
,,,,,,,,,,,FALSE,FALSE,FALSE,FALSE,FALSE,FALSE,FALSE,,,
,,,,,,,,,,,FALSE,FALSE,FALSE,FALSE,FALSE,FALSE,FALSE,,,
,,,,,,,,,,,FALSE,FALSE,FALSE,FALSE,FALSE,FALSE,FALSE,,,
,,,,,,,,,,,FALSE,FALSE,FALSE,FALSE,FALSE,FALSE,FALSE,,,
,,,,,,,,,,,FALSE,FALSE,FALSE,FALSE,FALSE,FALSE,FALSE,,,
,,,,,,,,,,,FALSE,FALSE,FALSE,FALSE,FALSE,FALSE,FALSE,,,
,,,,,,,,,,,FALSE,FALSE,FALSE,FALSE,FALSE,FALSE,FALSE,,,
,,,,,,,,,,,FALSE,FALSE,FALSE,FALSE,FALSE,FALSE,FALSE,,,
,,,,,,,,,,,FALSE,FALSE,FALSE,FALSE,FALSE,FALSE,FALSE,,,
,,,,,,,,,,,FALSE,FALSE,FALSE,FALSE,FALSE,FALSE,FALSE,,,
,,,,,,,,,,,FALSE,FALSE,FALSE,FALSE,FALSE,FALSE,FALSE,,,
,,,,,,,,,,,FALSE,FALSE,FALSE,FALSE,FALSE,FALSE,FALSE,,,
,,,,,,,,,,,FALSE,FALSE,FALSE,FALSE,FALSE,FALSE,FALSE,,,
,,,,,,,,,,,FALSE,FALSE,FALSE,FALSE,FALSE,FALSE,FALSE,,,
,,,,,,,,,,,FALSE,FALSE,FALSE,FALSE,FALSE,FALSE,FALSE,,,
,,,,,,,,,,,FALSE,FALSE,FALSE,FALSE,FALSE,FALSE,FALSE,,,
,,,,,,,,,,,FALSE,FALSE,FALSE,FALSE,FALSE,FALSE,FALSE,,,
,,,,,,,,,,,FALSE,FALSE,FALSE,FALSE,FALSE,FALSE,FALSE,,,
,,,,,,,,,,,FALSE,FALSE,FALSE,FALSE,FALSE,FALSE,FALSE,,,
,,,,,,,,,,,FALSE,FALSE,FALSE,FALSE,FALSE,FALSE,FALSE,,,
,,,,,,,,,,,FALSE,FALSE,FALSE,FALSE,FALSE,FALSE,FALSE,,,
,,,,,,,,,,,FALSE,FALSE,FALSE,FALSE,FALSE,FALSE,FALSE,,,
,,,,,,,,,,,FALSE,FALSE,FALSE,FALSE,FALSE,FALSE,FALSE,,,
,,,,,,,,,,,FALSE,FALSE,FALSE,FALSE,FALSE,FALSE,FALSE,,,
,,,,,,,,,,,FALSE,FALSE,FALSE,FALSE,FALSE,FALSE,FALSE,,,
,,,,,,,,,,,FALSE,FALSE,FALSE,FALSE,FALSE,FALSE,FALSE,,,
,,,,,,,,,,,FALSE,FALSE,FALSE,FALSE,FALSE,FALSE,FALSE,,,
,,,,,,,,,,,FALSE,FALSE,FALSE,FALSE,FALSE,FALSE,FALSE,,,
,,,,,,,,,,,FALSE,FALSE,FALSE,FALSE,FALSE,FALSE,FALSE,,,
,,,,,,,,,,,FALSE,FALSE,FALSE,FALSE,FALSE,FALSE,FALSE,,,
,,,,,,,,,,,FALSE,FALSE,FALSE,FALSE,FALSE,FALSE,FALSE,,,
,,,,,,,,,,,FALSE,FALSE,FALSE,FALSE,FALSE,FALSE,FALSE,,,
,,,,,,,,,,,FALSE,FALSE,FALSE,FALSE,FALSE,FALSE,FALSE,,,
,,,,,,,,,,,FALSE,FALSE,FALSE,FALSE,FALSE,FALSE,FALSE,,,
,,,,,,,,,,,FALSE,FALSE,FALSE,FALSE,FALSE,FALSE,FALSE,,,
,,,,,,,,,,,FALSE,FALSE,FALSE,FALSE,FALSE,FALSE,FALSE,,,
,,,,,,,,,,,FALSE,FALSE,FALSE,FALSE,FALSE,FALSE,FALSE,,,
,,,,,,,,,,,FALSE,FALSE,FALSE,FALSE,FALSE,FALSE,FALSE,,,
,,,,,,,,,,,FALSE,FALSE,FALSE,FALSE,FALSE,FALSE,FALSE,,,
,,,,,,,,,,,FALSE,FALSE,FALSE,FALSE,FALSE,FALSE,FALSE,,,
,,,,,,,,,,,FALSE,FALSE,FALSE,FALSE,FALSE,FALSE,FALSE,,,
,,,,,,,,,,,FALSE,FALSE,FALSE,FALSE,FALSE,FALSE,FALSE,,,
,,,,,,,,,,,FALSE,FALSE,FALSE,FALSE,FALSE,FALSE,FALSE,,,
,,,,,,,,,,,FALSE,FALSE,FALSE,FALSE,FALSE,FALSE,FALSE,,,
,,,,,,,,,,,FALSE,FALSE,FALSE,FALSE,FALSE,FALSE,FALSE,,,
,,,,,,,,,,,FALSE,FALSE,FALSE,FALSE,FALSE,FALSE,FALSE,,,
,,,,,,,,,,,FALSE,FALSE,FALSE,FALSE,FALSE,FALSE,FALSE,,,
,,,,,,,,,,,FALSE,FALSE,FALSE,FALSE,FALSE,FALSE,FALSE,,,
,,,,,,,,,,,FALSE,FALSE,FALSE,FALSE,FALSE,FALSE,FALSE,,,
,,,,,,,,,,,FALSE,FALSE,FALSE,FALSE,FALSE,FALSE,FALSE,,,
,,,,,,,,,,,FALSE,FALSE,FALSE,FALSE,FALSE,FALSE,FALSE,,,
,,,,,,,,,,,FALSE,FALSE,FALSE,FALSE,FALSE,FALSE,FALSE,,,
,,,,,,,,,,,FALSE,FALSE,FALSE,FALSE,FALSE,FALSE,FALSE,,,
,,,,,,,,,,,FALSE,FALSE,FALSE,FALSE,FALSE,FALSE,FALSE,,,
,,,,,,,,,,,FALSE,FALSE,FALSE,FALSE,FALSE,FALSE,FALSE,,,
,,,,,,,,,,,FALSE,FALSE,FALSE,FALSE,FALSE,FALSE,FALSE,,,
,,,,,,,,,,,FALSE,FALSE,FALSE,FALSE,FALSE,FALSE,FALSE,,,
,,,,,,,,,,,FALSE,FALSE,FALSE,FALSE,FALSE,FALSE,FALSE,,,
,,,,,,,,,,,FALSE,FALSE,FALSE,FALSE,FALSE,FALSE,FALSE,,,
,,,,,,,,,,,FALSE,FALSE,FALSE,FALSE,FALSE,FALSE,FALSE,,,
,,,,,,,,,,,FALSE,FALSE,FALSE,FALSE,FALSE,FALSE,FALSE,,,
,,,,,,,,,,,FALSE,FALSE,FALSE,FALSE,FALSE,FALSE,FALSE,,,
,,,,,,,,,,,FALSE,FALSE,FALSE,FALSE,FALSE,FALSE,FALSE,,,
,,,,,,,,,,,FALSE,FALSE,FALSE,FALSE,FALSE,FALSE,FALSE,,,
,,,,,,,,,,,FALSE,FALSE,FALSE,FALSE,FALSE,FALSE,FALSE,,,
,,,,,,,,,,,FALSE,FALSE,FALSE,FALSE,FALSE,FALSE,FALSE,,,
,,,,,,,,,,,FALSE,FALSE,FALSE,FALSE,FALSE,FALSE,FALSE,,,
,,,,,,,,,,,FALSE,FALSE,FALSE,FALSE,FALSE,FALSE,FALSE,,,
,,,,,,,,,,,FALSE,FALSE,FALSE,FALSE,FALSE,FALSE,FALSE,,,
,,,,,,,,,,,FALSE,FALSE,FALSE,FALSE,FALSE,FALSE,FALSE,,,
,,,,,,,,,,,FALSE,FALSE,FALSE,FALSE,FALSE,FALSE,FALSE,,,
,,,,,,,,,,,FALSE,FALSE,FALSE,FALSE,FALSE,FALSE,FALSE,,,
,,,,,,,,,,,FALSE,FALSE,FALSE,FALSE,FALSE,FALSE,FALSE,,,
,,,,,,,,,,,FALSE,FALSE,FALSE,FALSE,FALSE,FALSE,FALSE,,,
,,,,,,,,,,,FALSE,FALSE,FALSE,FALSE,FALSE,FALSE,FALSE,,,
,,,,,,,,,,,FALSE,FALSE,FALSE,FALSE,FALSE,FALSE,FALSE,,,
,,,,,,,,,,,FALSE,FALSE,FALSE,FALSE,FALSE,FALSE,FALSE,,,
,,,,,,,,,,,FALSE,FALSE,FALSE,FALSE,FALSE,FALSE,FALSE,,,
,,,,,,,,,,,FALSE,FALSE,FALSE,FALSE,FALSE,FALSE,FALSE,,,
,,,,,,,,,,,FALSE,FALSE,FALSE,FALSE,FALSE,FALSE,FALSE,,,
,,,,,,,,,,,FALSE,FALSE,FALSE,FALSE,FALSE,FALSE,FALSE,,,
,,,,,,,,,,,FALSE,FALSE,FALSE,FALSE,FALSE,FALSE,FALSE,,,
,,,,,,,,,,,FALSE,FALSE,FALSE,FALSE,FALSE,FALSE,FALSE,,,
,,,,,,,,,,,FALSE,FALSE,FALSE,FALSE,FALSE,FALSE,FALSE,,,
,,,,,,,,,,,FALSE,FALSE,FALSE,FALSE,FALSE,FALSE,FALSE,,,
,,,,,,,,,,,FALSE,FALSE,FALSE,FALSE,FALSE,FALSE,FALSE,,,
,,,,,,,,,,,FALSE,FALSE,FALSE,FALSE,FALSE,FALSE,FALSE,,,
,,,,,,,,,,,FALSE,FALSE,FALSE,FALSE,FALSE,FALSE,FALSE,,,
,,,,,,,,,,,FALSE,FALSE,FALSE,FALSE,FALSE,FALSE,FALSE,,,
,,,,,,,,,,,FALSE,FALSE,FALSE,FALSE,FALSE,FALSE,FALSE,,,
,,,,,,,,,,,FALSE,FALSE,FALSE,FALSE,FALSE,FALSE,FALSE,,,
,,,,,,,,,,,FALSE,FALSE,FALSE,FALSE,FALSE,FALSE,FALSE,,,
,,,,,,,,,,,FALSE,FALSE,FALSE,FALSE,FALSE,FALSE,FALSE,,,
,,,,,,,,,,,FALSE,FALSE,FALSE,FALSE,FALSE,FALSE,FALSE,,,
,,,,,,,,,,,FALSE,FALSE,FALSE,FALSE,FALSE,FALSE,FALSE,,,
,,,,,,,,,,,FALSE,FALSE,FALSE,FALSE,FALSE,FALSE,FALSE,,,
,,,,,,,,,,,FALSE,FALSE,FALSE,FALSE,FALSE,FALSE,FALSE,,,
,,,,,,,,,,,FALSE,FALSE,FALSE,FALSE,FALSE,FALSE,FALSE,,,
,,,,,,,,,,,FALSE,FALSE,FALSE,FALSE,FALSE,FALSE,FALSE,,,
,,,,,,,,,,,FALSE,FALSE,FALSE,FALSE,FALSE,FALSE,FALSE,,,
,,,,,,,,,,,FALSE,FALSE,FALSE,FALSE,FALSE,FALSE,FALSE,,,
,,,,,,,,,,,FALSE,FALSE,FALSE,FALSE,FALSE,FALSE,FALSE,,,
,,,,,,,,,,,FALSE,FALSE,FALSE,FALSE,FALSE,FALSE,FALSE,,,
,,,,,,,,,,,FALSE,FALSE,FALSE,FALSE,FALSE,FALSE,FALSE,,,
,,,,,,,,,,,FALSE,FALSE,FALSE,FALSE,FALSE,FALSE,FALSE,,,
,,,,,,,,,,,FALSE,FALSE,FALSE,FALSE,FALSE,FALSE,FALSE,,,
,,,,,,,,,,,FALSE,FALSE,FALSE,FALSE,FALSE,FALSE,FALSE,,,
,,,,,,,,,,,FALSE,FALSE,FALSE,FALSE,FALSE,FALSE,FALSE,,,
,,,,,,,,,,,FALSE,FALSE,FALSE,FALSE,FALSE,FALSE,FALSE,,,
,,,,,,,,,,,FALSE,FALSE,FALSE,FALSE,FALSE,FALSE,FALSE,,,
,,,,,,,,,,,FALSE,FALSE,FALSE,FALSE,FALSE,FALSE,FALSE,,,
,,,,,,,,,,,FALSE,FALSE,FALSE,FALSE,FALSE,FALSE,FALSE,,,
,,,,,,,,,,,FALSE,FALSE,FALSE,FALSE,FALSE,FALSE,FALSE,,,
,,,,,,,,,,,FALSE,FALSE,FALSE,FALSE,FALSE,FALSE,FALSE,,,
,,,,,,,,,,,FALSE,FALSE,FALSE,FALSE,FALSE,FALSE,FALSE,,,
,,,,,,,,,,,FALSE,FALSE,FALSE,FALSE,FALSE,FALSE,FALSE,,,
,,,,,,,,,,,FALSE,FALSE,FALSE,FALSE,FALSE,FALSE,FALSE,,,
,,,,,,,,,,,FALSE,FALSE,FALSE,FALSE,FALSE,FALSE,FALSE,,,
,,,,,,,,,,,FALSE,FALSE,FALSE,FALSE,FALSE,FALSE,FALSE,,,
,,,,,,,,,,,FALSE,FALSE,FALSE,FALSE,FALSE,FALSE,FALSE,,,
,,,,,,,,,,,FALSE,FALSE,FALSE,FALSE,FALSE,FALSE,FALSE,,,
,,,,,,,,,,,FALSE,FALSE,FALSE,FALSE,FALSE,FALSE,FALSE,,,
,,,,,,,,,,,FALSE,FALSE,FALSE,FALSE,FALSE,FALSE,FALSE,,,
,,,,,,,,,,,FALSE,FALSE,FALSE,FALSE,FALSE,FALSE,FALSE,,,
,,,,,,,,,,,FALSE,FALSE,FALSE,FALSE,FALSE,FALSE,FALSE,,,
,,,,,,,,,,,FALSE,FALSE,FALSE,FALSE,FALSE,FALSE,FALSE,,,
,,,,,,,,,,,FALSE,FALSE,FALSE,FALSE,FALSE,FALSE,FALSE,,,
,,,,,,,,,,,FALSE,FALSE,FALSE,FALSE,FALSE,FALSE,FALSE,,,
,,,,,,,,,,,FALSE,FALSE,FALSE,FALSE,FALSE,FALSE,FALSE,,,
,,,,,,,,,,,FALSE,FALSE,FALSE,FALSE,FALSE,FALSE,FALSE,,,
,,,,,,,,,,,FALSE,FALSE,FALSE,FALSE,FALSE,FALSE,FALSE,,,
,,,,,,,,,,,FALSE,FALSE,FALSE,FALSE,FALSE,FALSE,FALSE,,,
,,,,,,,,,,,FALSE,FALSE,FALSE,FALSE,FALSE,FALSE,FALSE,,,
,,,,,,,,,,,FALSE,FALSE,FALSE,FALSE,FALSE,FALSE,FALSE,,,
,,,,,,,,,,,FALSE,FALSE,FALSE,FALSE,FALSE,FALSE,FALSE,,,
,,,,,,,,,,,FALSE,FALSE,FALSE,FALSE,FALSE,FALSE,FALSE,,,
,,,,,,,,,,,FALSE,FALSE,FALSE,FALSE,FALSE,FALSE,FALSE,,,
,,,,,,,,,,,FALSE,FALSE,FALSE,FALSE,FALSE,FALSE,FALSE,,,
,,,,,,,,,,,FALSE,FALSE,FALSE,FALSE,FALSE,FALSE,FALSE,,,
,,,,,,,,,,,FALSE,FALSE,FALSE,FALSE,FALSE,FALSE,FALSE,,,
,,,,,,,,,,,FALSE,FALSE,FALSE,FALSE,FALSE,FALSE,FALSE,,,
,,,,,,,,,,,FALSE,FALSE,FALSE,FALSE,FALSE,FALSE,FALSE,,,
,,,,,,,,,,,FALSE,FALSE,FALSE,FALSE,FALSE,FALSE,FALSE,,,
,,,,,,,,,,,FALSE,FALSE,FALSE,FALSE,FALSE,FALSE,FALSE,,,
,,,,,,,,,,,FALSE,FALSE,FALSE,FALSE,FALSE,FALSE,FALSE,,,
,,,,,,,,,,,FALSE,FALSE,FALSE,FALSE,FALSE,FALSE,FALSE,,,
,,,,,,,,,,,FALSE,FALSE,FALSE,FALSE,FALSE,FALSE,FALSE,,,
,,,,,,,,,,,FALSE,FALSE,FALSE,FALSE,FALSE,FALSE,FALSE,,,
,,,,,,,,,,,FALSE,FALSE,FALSE,FALSE,FALSE,FALSE,FALSE,,,
,,,,,,,,,,,FALSE,FALSE,FALSE,FALSE,FALSE,FALSE,FALSE,,,
,,,,,,,,,,,FALSE,FALSE,FALSE,FALSE,FALSE,FALSE,FALSE,,,
,,,,,,,,,,,FALSE,FALSE,FALSE,FALSE,FALSE,FALSE,FALSE,,,
,,,,,,,,,,,FALSE,FALSE,FALSE,FALSE,FALSE,FALSE,FALSE,,,
,,,,,,,,,,,FALSE,FALSE,FALSE,FALSE,FALSE,FALSE,FALSE,,,
,,,,,,,,,,,FALSE,FALSE,FALSE,FALSE,FALSE,FALSE,FALSE,,,
,,,,,,,,,,,FALSE,FALSE,FALSE,FALSE,FALSE,FALSE,FALSE,,,
,,,,,,,,,,,FALSE,FALSE,FALSE,FALSE,FALSE,FALSE,FALSE,,,
,,,,,,,,,,,FALSE,FALSE,FALSE,FALSE,FALSE,FALSE,FALSE,,,
,,,,,,,,,,,FALSE,FALSE,FALSE,FALSE,FALSE,FALSE,FALSE,,,
,,,,,,,,,,,FALSE,FALSE,FALSE,FALSE,FALSE,FALSE,FALSE,,,
,,,,,,,,,,,FALSE,FALSE,FALSE,FALSE,FALSE,FALSE,FALSE,,,
,,,,,,,,,,,FALSE,FALSE,FALSE,FALSE,FALSE,FALSE,FALSE,,,
,,,,,,,,,,,FALSE,FALSE,FALSE,FALSE,FALSE,FALSE,FALSE,,,
,,,,,,,,,,,FALSE,FALSE,FALSE,FALSE,FALSE,FALSE,FALSE,,,
,,,,,,,,,,,FALSE,FALSE,FALSE,FALSE,FALSE,FALSE,FALSE,,,
,,,,,,,,,,,FALSE,FALSE,FALSE,FALSE,FALSE,FALSE,FALSE,,,
,,,,,,,,,,,FALSE,FALSE,FALSE,FALSE,FALSE,FALSE,FALSE,,,
,,,,,,,,,,,FALSE,FALSE,FALSE,FALSE,FALSE,FALSE,FALSE,,,
,,,,,,,,,,,FALSE,FALSE,FALSE,FALSE,FALSE,FALSE,FALSE,,,
,,,,,,,,,,,FALSE,FALSE,FALSE,FALSE,FALSE,FALSE,FALSE,,,
,,,,,,,,,,,FALSE,FALSE,FALSE,FALSE,FALSE,FALSE,FALSE,,,
,,,,,,,,,,,FALSE,FALSE,FALSE,FALSE,FALSE,FALSE,FALSE,,,
,,,,,,,,,,,FALSE,FALSE,FALSE,FALSE,FALSE,FALSE,FALSE,,,
,,,,,,,,,,,FALSE,FALSE,FALSE,FALSE,FALSE,FALSE,FALSE,,,
,,,,,,,,,,,FALSE,FALSE,FALSE,FALSE,FALSE,FALSE,FALSE,,,
,,,,,,,,,,,FALSE,FALSE,FALSE,FALSE,FALSE,FALSE,FALSE,,,
,,,,,,,,,,,FALSE,FALSE,FALSE,FALSE,FALSE,FALSE,FALSE,,,
,,,,,,,,,,,FALSE,FALSE,FALSE,FALSE,FALSE,FALSE,FALSE,,,
,,,,,,,,,,,FALSE,FALSE,FALSE,FALSE,FALSE,FALSE,FALSE,,,
,,,,,,,,,,,FALSE,FALSE,FALSE,FALSE,FALSE,FALSE,FALSE,,,
,,,,,,,,,,,FALSE,FALSE,FALSE,FALSE,FALSE,FALSE,FALSE,,,
,,,,,,,,,,,FALSE,FALSE,FALSE,FALSE,FALSE,FALSE,FALSE,,,
,,,,,,,,,,,FALSE,FALSE,FALSE,FALSE,FALSE,FALSE,FALSE,,,
,,,,,,,,,,,FALSE,FALSE,FALSE,FALSE,FALSE,FALSE,FALSE,,,
,,,,,,,,,,,FALSE,FALSE,FALSE,FALSE,FALSE,FALSE,FALSE,,,
,,,,,,,,,,,FALSE,FALSE,FALSE,FALSE,FALSE,FALSE,FALSE,,,
,,,,,,,,,,,FALSE,FALSE,FALSE,FALSE,FALSE,FALSE,FALSE,,,
,,,,,,,,,,,FALSE,FALSE,FALSE,FALSE,FALSE,FALSE,FALSE,,,
,,,,,,,,,,,FALSE,FALSE,FALSE,FALSE,FALSE,FALSE,FALSE,,,
,,,,,,,,,,,FALSE,FALSE,FALSE,FALSE,FALSE,FALSE,FALSE,,,
,,,,,,,,,,,FALSE,FALSE,FALSE,FALSE,FALSE,FALSE,FALSE,,,
,,,,,,,,,,,FALSE,FALSE,FALSE,FALSE,FALSE,FALSE,FALSE,,,
,,,,,,,,,,,FALSE,FALSE,FALSE,FALSE,FALSE,FALSE,FALSE,,,
,,,,,,,,,,,FALSE,FALSE,FALSE,FALSE,FALSE,FALSE,FALSE,,,
,,,,,,,,,,,FALSE,FALSE,FALSE,FALSE,FALSE,FALSE,FALSE,,,
,,,,,,,,,,,FALSE,FALSE,FALSE,FALSE,FALSE,FALSE,FALSE,,,
,,,,,,,,,,,FALSE,FALSE,FALSE,FALSE,FALSE,FALSE,FALSE,,,
,,,,,,,,,,,FALSE,FALSE,FALSE,FALSE,FALSE,FALSE,FALSE,,,
,,,,,,,,,,,FALSE,FALSE,FALSE,FALSE,FALSE,FALSE,FALSE,,,
,,,,,,,,,,,FALSE,FALSE,FALSE,FALSE,FALSE,FALSE,FALSE,,,
,,,,,,,,,,,FALSE,FALSE,FALSE,FALSE,FALSE,FALSE,FALSE,,,
,,,,,,,,,,,FALSE,FALSE,FALSE,FALSE,FALSE,FALSE,FALSE,,,
,,,,,,,,,,,FALSE,FALSE,FALSE,FALSE,FALSE,FALSE,FALSE,,,
,,,,,,,,,,,FALSE,FALSE,FALSE,FALSE,FALSE,FALSE,FALSE,,,
,,,,,,,,,,,FALSE,FALSE,FALSE,FALSE,FALSE,FALSE,FALSE,,,
,,,,,,,,,,,FALSE,FALSE,FALSE,FALSE,FALSE,FALSE,FALSE,,,
,,,,,,,,,,,FALSE,FALSE,FALSE,FALSE,FALSE,FALSE,FALSE,,,
,,,,,,,,,,,FALSE,FALSE,FALSE,FALSE,FALSE,FALSE,FALSE,,,
,,,,,,,,,,,FALSE,FALSE,FALSE,FALSE,FALSE,FALSE,FALSE,,,
,,,,,,,,,,,FALSE,FALSE,FALSE,FALSE,FALSE,FALSE,FALSE,,,
,,,,,,,,,,,FALSE,FALSE,FALSE,FALSE,FALSE,FALSE,FALSE,,,
,,,,,,,,,,,FALSE,FALSE,FALSE,FALSE,FALSE,FALSE,FALSE,,,
,,,,,,,,,,,FALSE,FALSE,FALSE,FALSE,FALSE,FALSE,FALSE,,,
,,,,,,,,,,,FALSE,FALSE,FALSE,FALSE,FALSE,FALSE,FALSE,,,
,,,,,,,,,,,FALSE,FALSE,FALSE,FALSE,FALSE,FALSE,FALSE,,,
,,,,,,,,,,,FALSE,FALSE,FALSE,FALSE,FALSE,FALSE,FALSE,,,
,,,,,,,,,,,FALSE,FALSE,FALSE,FALSE,FALSE,FALSE,FALSE,,,
,,,,,,,,,,,FALSE,FALSE,FALSE,FALSE,FALSE,FALSE,FALSE,,,
,,,,,,,,,,,FALSE,FALSE,FALSE,FALSE,FALSE,FALSE,FALSE,,,
,,,,,,,,,,,FALSE,FALSE,FALSE,FALSE,FALSE,FALSE,FALSE,,,
,,,,,,,,,,,FALSE,FALSE,FALSE,FALSE,FALSE,FALSE,FALSE,,,
,,,,,,,,,,,FALSE,FALSE,FALSE,FALSE,FALSE,FALSE,FALSE,,,
,,,,,,,,,,,FALSE,FALSE,FALSE,FALSE,FALSE,FALSE,FALSE,,,
,,,,,,,,,,,FALSE,FALSE,FALSE,FALSE,FALSE,FALSE,FALSE,,,
,,,,,,,,,,,FALSE,FALSE,FALSE,FALSE,FALSE,FALSE,FALSE,,,
,,,,,,,,,,,FALSE,FALSE,FALSE,FALSE,FALSE,FALSE,FALSE,,,
,,,,,,,,,,,FALSE,FALSE,FALSE,FALSE,FALSE,FALSE,FALSE,,,
,,,,,,,,,,,FALSE,FALSE,FALSE,FALSE,FALSE,FALSE,FALSE,,,
,,,,,,,,,,,FALSE,FALSE,FALSE,FALSE,FALSE,FALSE,FALSE,,,
,,,,,,,,,,,FALSE,FALSE,FALSE,FALSE,FALSE,FALSE,FALSE,,,
,,,,,,,,,,,FALSE,FALSE,FALSE,FALSE,FALSE,FALSE,FALSE,,,
,,,,,,,,,,,FALSE,FALSE,FALSE,FALSE,FALSE,FALSE,FALSE,,,
,,,,,,,,,,,FALSE,FALSE,FALSE,FALSE,FALSE,FALSE,FALSE,,,
,,,,,,,,,,,FALSE,FALSE,FALSE,FALSE,FALSE,FALSE,FALSE,,,
,,,,,,,,,,,FALSE,FALSE,FALSE,FALSE,FALSE,FALSE,FALSE,,,
,,,,,,,,,,,FALSE,FALSE,FALSE,FALSE,FALSE,FALSE,FALSE,,,
,,,,,,,,,,,FALSE,FALSE,FALSE,FALSE,FALSE,FALSE,FALSE,,,
,,,,,,,,,,,FALSE,FALSE,FALSE,FALSE,FALSE,FALSE,FALSE,,,
,,,,,,,,,,,FALSE,FALSE,FALSE,FALSE,FALSE,FALSE,FALSE,,,
,,,,,,,,,,,FALSE,FALSE,FALSE,FALSE,FALSE,FALSE,FALSE,,,
,,,,,,,,,,,FALSE,FALSE,FALSE,FALSE,FALSE,FALSE,FALSE,,,
,,,,,,,,,,,FALSE,FALSE,FALSE,FALSE,FALSE,FALSE,FALSE,,,
,,,,,,,,,,,FALSE,FALSE,FALSE,FALSE,FALSE,FALSE,FALSE,,,
,,,,,,,,,,,FALSE,FALSE,FALSE,FALSE,FALSE,FALSE,FALSE,,,
,,,,,,,,,,,FALSE,FALSE,FALSE,FALSE,FALSE,FALSE,FALSE,,,
,,,,,,,,,,,FALSE,FALSE,FALSE,FALSE,FALSE,FALSE,FALSE,,,
,,,,,,,,,,,FALSE,FALSE,FALSE,FALSE,FALSE,FALSE,FALSE,,,
,,,,,,,,,,,FALSE,FALSE,FALSE,FALSE,FALSE,FALSE,FALSE,,,
,,,,,,,,,,,FALSE,FALSE,FALSE,FALSE,FALSE,FALSE,FALSE,,,
,,,,,,,,,,,FALSE,FALSE,FALSE,FALSE,FALSE,FALSE,FALSE,,,
,,,,,,,,,,,FALSE,FALSE,FALSE,FALSE,FALSE,FALSE,FALSE,,,
,,,,,,,,,,,FALSE,FALSE,FALSE,FALSE,FALSE,FALSE,FALSE,,,
,,,,,,,,,,,FALSE,FALSE,FALSE,FALSE,FALSE,FALSE,FALSE,,,
,,,,,,,,,,,FALSE,FALSE,FALSE,FALSE,FALSE,FALSE,FALSE,,,
,,,,,,,,,,,FALSE,FALSE,FALSE,FALSE,FALSE,FALSE,FALSE,,,
,,,,,,,,,,,FALSE,FALSE,FALSE,FALSE,FALSE,FALSE,FALSE,,,
,,,,,,,,,,,FALSE,FALSE,FALSE,FALSE,FALSE,FALSE,FALSE,,,
,,,,,,,,,,,FALSE,FALSE,FALSE,FALSE,FALSE,FALSE,FALSE,,,
,,,,,,,,,,,FALSE,FALSE,FALSE,FALSE,FALSE,FALSE,FALSE,,,
,,,,,,,,,,,FALSE,FALSE,FALSE,FALSE,FALSE,FALSE,FALSE,,,
,,,,,,,,,,,FALSE,FALSE,FALSE,FALSE,FALSE,FALSE,FALSE,,,
,,,,,,,,,,,FALSE,FALSE,FALSE,FALSE,FALSE,FALSE,FALSE,,,
,,,,,,,,,,,FALSE,FALSE,FALSE,FALSE,FALSE,FALSE,FALSE,,,
,,,,,,,,,,,FALSE,FALSE,FALSE,FALSE,FALSE,FALSE,FALSE,,,
,,,,,,,,,,,FALSE,FALSE,FALSE,FALSE,FALSE,FALSE,FALSE,,,
,,,,,,,,,,,FALSE,FALSE,FALSE,FALSE,FALSE,FALSE,FALSE,,,
,,,,,,,,,,,FALSE,FALSE,FALSE,FALSE,FALSE,FALSE,FALSE,,,
,,,,,,,,,,,FALSE,FALSE,FALSE,FALSE,FALSE,FALSE,FALSE,,,
,,,,,,,,,,,FALSE,FALSE,FALSE,FALSE,FALSE,FALSE,FALSE,,,
,,,,,,,,,,,FALSE,FALSE,FALSE,FALSE,FALSE,FALSE,FALSE,,,
,,,,,,,,,,,FALSE,FALSE,FALSE,FALSE,FALSE,FALSE,FALSE,,,
,,,,,,,,,,,FALSE,FALSE,FALSE,FALSE,FALSE,FALSE,FALSE,,,
,,,,,,,,,,,FALSE,FALSE,FALSE,FALSE,FALSE,FALSE,FALSE,,,
,,,,,,,,,,,FALSE,FALSE,FALSE,FALSE,FALSE,FALSE,FALSE,,,
,,,,,,,,,,,FALSE,FALSE,FALSE,FALSE,FALSE,FALSE,FALSE,,,
,,,,,,,,,,,FALSE,FALSE,FALSE,FALSE,FALSE,FALSE,FALSE,,,
,,,,,,,,,,,FALSE,FALSE,FALSE,FALSE,FALSE,FALSE,FALSE,,,
,,,,,,,,,,,FALSE,FALSE,FALSE,FALSE,FALSE,FALSE,FALSE,,,
,,,,,,,,,,,FALSE,FALSE,FALSE,FALSE,FALSE,FALSE,FALSE,,,
,,,,,,,,,,,FALSE,FALSE,FALSE,FALSE,FALSE,FALSE,FALSE,,,
,,,,,,,,,,,FALSE,FALSE,FALSE,FALSE,FALSE,FALSE,FALSE,,,
,,,,,,,,,,,FALSE,FALSE,FALSE,FALSE,FALSE,FALSE,FALSE,,,
,,,,,,,,,,,FALSE,FALSE,FALSE,FALSE,FALSE,FALSE,FALSE,,,
,,,,,,,,,,,FALSE,FALSE,FALSE,FALSE,FALSE,FALSE,FALSE,,,
,,,,,,,,,,,FALSE,FALSE,FALSE,FALSE,FALSE,FALSE,FALSE,,,
,,,,,,,,,,,FALSE,FALSE,FALSE,FALSE,FALSE,FALSE,FALSE,,,
,,,,,,,,,,,FALSE,FALSE,FALSE,FALSE,FALSE,FALSE,FALSE,,,
,,,,,,,,,,,FALSE,FALSE,FALSE,FALSE,FALSE,FALSE,FALSE,,,
,,,,,,,,,,,FALSE,FALSE,FALSE,FALSE,FALSE,FALSE,FALSE,,,
,,,,,,,,,,,FALSE,FALSE,FALSE,FALSE,FALSE,FALSE,FALSE,,,
,,,,,,,,,,,FALSE,FALSE,FALSE,FALSE,FALSE,FALSE,FALSE,,,
,,,,,,,,,,,FALSE,FALSE,FALSE,FALSE,FALSE,FALSE,FALSE,,,
,,,,,,,,,,,FALSE,FALSE,FALSE,FALSE,FALSE,FALSE,FALSE,,,
,,,,,,,,,,,FALSE,FALSE,FALSE,FALSE,FALSE,FALSE,FALSE,,,
,,,,,,,,,,,FALSE,FALSE,FALSE,FALSE,FALSE,FALSE,FALSE,,,
,,,,,,,,,,,FALSE,FALSE,FALSE,FALSE,FALSE,FALSE,FALSE,,,
,,,,,,,,,,,FALSE,FALSE,FALSE,FALSE,FALSE,FALSE,FALSE,,,
,,,,,,,,,,,FALSE,FALSE,FALSE,FALSE,FALSE,FALSE,FALSE,,,
,,,,,,,,,,,FALSE,FALSE,FALSE,FALSE,FALSE,FALSE,FALSE,,,
,,,,,,,,,,,FALSE,FALSE,FALSE,FALSE,FALSE,FALSE,FALSE,,,
,,,,,,,,,,,FALSE,FALSE,FALSE,FALSE,FALSE,FALSE,FALSE,,,
,,,,,,,,,,,FALSE,FALSE,FALSE,FALSE,FALSE,FALSE,FALSE,,,
,,,,,,,,,,,FALSE,FALSE,FALSE,FALSE,FALSE,FALSE,FALSE,,,
,,,,,,,,,,,FALSE,FALSE,FALSE,FALSE,FALSE,FALSE,FALSE,,,
,,,,,,,,,,,FALSE,FALSE,FALSE,FALSE,FALSE,FALSE,FALSE,,,
,,,,,,,,,,,FALSE,FALSE,FALSE,FALSE,FALSE,FALSE,FALSE,,,
,,,,,,,,,,,FALSE,FALSE,FALSE,FALSE,FALSE,FALSE,FALSE,,,
,,,,,,,,,,,FALSE,FALSE,FALSE,FALSE,FALSE,FALSE,FALSE,,,
,,,,,,,,,,,FALSE,FALSE,FALSE,FALSE,FALSE,FALSE,FALSE,,,
,,,,,,,,,,,FALSE,FALSE,FALSE,FALSE,FALSE,FALSE,FALSE,,,
,,,,,,,,,,,FALSE,FALSE,FALSE,FALSE,FALSE,FALSE,FALSE,,,
,,,,,,,,,,,FALSE,FALSE,FALSE,FALSE,FALSE,FALSE,FALSE,,,
,,,,,,,,,,,FALSE,FALSE,FALSE,FALSE,FALSE,FALSE,FALSE,,,
,,,,,,,,,,,FALSE,FALSE,FALSE,FALSE,FALSE,FALSE,FALSE,,,
,,,,,,,,,,,FALSE,FALSE,FALSE,FALSE,FALSE,FALSE,FALSE,,,
,,,,,,,,,,,FALSE,FALSE,FALSE,FALSE,FALSE,FALSE,FALSE,,,
,,,,,,,,,,,FALSE,FALSE,FALSE,FALSE,FALSE,FALSE,FALSE,,,
,,,,,,,,,,,FALSE,FALSE,FALSE,FALSE,FALSE,FALSE,FALSE,,,
,,,,,,,,,,,FALSE,FALSE,FALSE,FALSE,FALSE,FALSE,FALSE,,,
,,,,,,,,,,,FALSE,FALSE,FALSE,FALSE,FALSE,FALSE,FALSE,,,
,,,,,,,,,,,FALSE,FALSE,FALSE,FALSE,FALSE,FALSE,FALSE,,,
,,,,,,,,,,,FALSE,FALSE,FALSE,FALSE,FALSE,FALSE,FALSE,,,
,,,,,,,,,,,FALSE,FALSE,FALSE,FALSE,FALSE,FALSE,FALSE,,,
,,,,,,,,,,,FALSE,FALSE,FALSE,FALSE,FALSE,FALSE,FALSE,,,
,,,,,,,,,,,FALSE,FALSE,FALSE,FALSE,FALSE,FALSE,FALSE,,,
,,,,,,,,,,,FALSE,FALSE,FALSE,FALSE,FALSE,FALSE,FALSE,,,
,,,,,,,,,,,FALSE,FALSE,FALSE,FALSE,FALSE,FALSE,FALSE,,,
,,,,,,,,,,,FALSE,FALSE,FALSE,FALSE,FALSE,FALSE,FALSE,,,
,,,,,,,,,,,FALSE,FALSE,FALSE,FALSE,FALSE,FALSE,FALSE,,,
,,,,,,,,,,,FALSE,FALSE,FALSE,FALSE,FALSE,FALSE,FALSE,,,
,,,,,,,,,,,FALSE,FALSE,FALSE,FALSE,FALSE,FALSE,FALSE,,,
,,,,,,,,,,,FALSE,FALSE,FALSE,FALSE,FALSE,FALSE,FALSE,,,
,,,,,,,,,,,FALSE,FALSE,FALSE,FALSE,FALSE,FALSE,FALSE,,,
,,,,,,,,,,,FALSE,FALSE,FALSE,FALSE,FALSE,FALSE,FALSE,,,
,,,,,,,,,,,FALSE,FALSE,FALSE,FALSE,FALSE,FALSE,FALSE,,,
,,,,,,,,,,,FALSE,FALSE,FALSE,FALSE,FALSE,FALSE,FALSE,,,
,,,,,,,,,,,FALSE,FALSE,FALSE,FALSE,FALSE,FALSE,FALSE,,,
,,,,,,,,,,,FALSE,FALSE,FALSE,FALSE,FALSE,FALSE,FALSE,,,
,,,,,,,,,,,FALSE,FALSE,FALSE,FALSE,FALSE,FALSE,FALSE,,,
,,,,,,,,,,,FALSE,FALSE,FALSE,FALSE,FALSE,FALSE,FALSE,,,
,,,,,,,,,,,FALSE,FALSE,FALSE,FALSE,FALSE,FALSE,FALSE,,,
,,,,,,,,,,,FALSE,FALSE,FALSE,FALSE,FALSE,FALSE,FALSE,,,
,,,,,,,,,,,FALSE,FALSE,FALSE,FALSE,FALSE,FALSE,FALSE,,,
,,,,,,,,,,,FALSE,FALSE,FALSE,FALSE,FALSE,FALSE,FALSE,,,
,,,,,,,,,,,FALSE,FALSE,FALSE,FALSE,FALSE,FALSE,FALSE,,,
,,,,,,,,,,,FALSE,FALSE,FALSE,FALSE,FALSE,FALSE,FALSE,,,
,,,,,,,,,,,FALSE,FALSE,FALSE,FALSE,FALSE,FALSE,FALSE,,,
,,,,,,,,,,,FALSE,FALSE,FALSE,FALSE,FALSE,FALSE,FALSE,,,
,,,,,,,,,,,FALSE,FALSE,FALSE,FALSE,FALSE,FALSE,FALSE,,,
,,,,,,,,,,,FALSE,FALSE,FALSE,FALSE,FALSE,FALSE,FALSE,,,
,,,,,,,,,,,FALSE,FALSE,FALSE,FALSE,FALSE,FALSE,FALSE,,,
,,,,,,,,,,,FALSE,FALSE,FALSE,FALSE,FALSE,FALSE,FALSE,,,
,,,,,,,,,,,FALSE,FALSE,FALSE,FALSE,FALSE,FALSE,FALSE,,,
,,,,,,,,,,,FALSE,FALSE,FALSE,FALSE,FALSE,FALSE,FALSE,,,
,,,,,,,,,,,FALSE,FALSE,FALSE,FALSE,FALSE,FALSE,FALSE,,,
,,,,,,,,,,,FALSE,FALSE,FALSE,FALSE,FALSE,FALSE,FALSE,,,
,,,,,,,,,,,FALSE,FALSE,FALSE,FALSE,FALSE,FALSE,FALSE,,,
,,,,,,,,,,,FALSE,FALSE,FALSE,FALSE,FALSE,FALSE,FALSE,,,
,,,,,,,,,,,FALSE,FALSE,FALSE,FALSE,FALSE,FALSE,FALSE,,,
,,,,,,,,,,,FALSE,FALSE,FALSE,FALSE,FALSE,FALSE,FALSE,,,
,,,,,,,,,,,FALSE,FALSE,FALSE,FALSE,FALSE,FALSE,FALSE,,,
,,,,,,,,,,,FALSE,FALSE,FALSE,FALSE,FALSE,FALSE,FALSE,,,
,,,,,,,,,,,FALSE,FALSE,FALSE,FALSE,FALSE,FALSE,FALSE,,,
,,,,,,,,,,,FALSE,FALSE,FALSE,FALSE,FALSE,FALSE,FALSE,,,
,,,,,,,,,,,FALSE,FALSE,FALSE,FALSE,FALSE,FALSE,FALSE,,,
,,,,,,,,,,,FALSE,FALSE,FALSE,FALSE,FALSE,FALSE,FALSE,,,
,,,,,,,,,,,FALSE,FALSE,FALSE,FALSE,FALSE,FALSE,FALSE,,,
,,,,,,,,,,,FALSE,FALSE,FALSE,FALSE,FALSE,FALSE,FALSE,,,
,,,,,,,,,,,FALSE,FALSE,FALSE,FALSE,FALSE,FALSE,FALSE,,,
,,,,,,,,,,,FALSE,FALSE,FALSE,FALSE,FALSE,FALSE,FALSE,,,
,,,,,,,,,,,FALSE,FALSE,FALSE,FALSE,FALSE,FALSE,FALSE,,,
,,,,,,,,,,,FALSE,FALSE,FALSE,FALSE,FALSE,FALSE,FALSE,,,
,,,,,,,,,,,FALSE,FALSE,FALSE,FALSE,FALSE,FALSE,FALSE,,,
,,,,,,,,,,,FALSE,FALSE,FALSE,FALSE,FALSE,FALSE,FALSE,,,
,,,,,,,,,,,FALSE,FALSE,FALSE,FALSE,FALSE,FALSE,FALSE,,,
,,,,,,,,,,,FALSE,FALSE,FALSE,FALSE,FALSE,FALSE,FALSE,,,
,,,,,,,,,,,FALSE,FALSE,FALSE,FALSE,FALSE,FALSE,FALSE,,,
,,,,,,,,,,,FALSE,FALSE,FALSE,FALSE,FALSE,FALSE,FALSE,,,
,,,,,,,,,,,FALSE,FALSE,FALSE,FALSE,FALSE,FALSE,FALSE,,,
,,,,,,,,,,,FALSE,FALSE,FALSE,FALSE,FALSE,FALSE,FALSE,,,
,,,,,,,,,,,FALSE,FALSE,FALSE,FALSE,FALSE,FALSE,FALSE,,,
,,,,,,,,,,,FALSE,FALSE,FALSE,FALSE,FALSE,FALSE,FALSE,,,
,,,,,,,,,,,FALSE,FALSE,FALSE,FALSE,FALSE,FALSE,FALSE,,,
,,,,,,,,,,,FALSE,FALSE,FALSE,FALSE,FALSE,FALSE,FALSE,,,
,,,,,,,,,,,FALSE,FALSE,FALSE,FALSE,FALSE,FALSE,FALSE,,,
,,,,,,,,,,,FALSE,FALSE,FALSE,FALSE,FALSE,FALSE,FALSE,,,
,,,,,,,,,,,FALSE,FALSE,FALSE,FALSE,FALSE,FALSE,FALSE,,,
,,,,,,,,,,,FALSE,FALSE,FALSE,FALSE,FALSE,FALSE,FALSE,,,
,,,,,,,,,,,FALSE,FALSE,FALSE,FALSE,FALSE,FALSE,FALSE,,,
,,,,,,,,,,,FALSE,FALSE,FALSE,FALSE,FALSE,FALSE,FALSE,,,
,,,,,,,,,,,FALSE,FALSE,FALSE,FALSE,FALSE,FALSE,FALSE,,,
,,,,,,,,,,,FALSE,FALSE,FALSE,FALSE,FALSE,FALSE,FALSE,,,
,,,,,,,,,,,FALSE,FALSE,FALSE,FALSE,FALSE,FALSE,FALSE,,,
,,,,,,,,,,,FALSE,FALSE,FALSE,FALSE,FALSE,FALSE,FALSE,,,
,,,,,,,,,,,FALSE,FALSE,FALSE,FALSE,FALSE,FALSE,FALSE,,,
,,,,,,,,,,,FALSE,FALSE,FALSE,FALSE,FALSE,FALSE,FALSE,,,
,,,,,,,,,,,FALSE,FALSE,FALSE,FALSE,FALSE,FALSE,FALSE,,,
,,,,,,,,,,,FALSE,FALSE,FALSE,FALSE,FALSE,FALSE,FALSE,,,
,,,,,,,,,,,FALSE,FALSE,FALSE,FALSE,FALSE,FALSE,FALSE,,,
,,,,,,,,,,,FALSE,FALSE,FALSE,FALSE,FALSE,FALSE,FALSE,,,
,,,,,,,,,,,FALSE,FALSE,FALSE,FALSE,FALSE,FALSE,FALSE,,,
,,,,,,,,,,,FALSE,FALSE,FALSE,FALSE,FALSE,FALSE,FALSE,,,
,,,,,,,,,,,FALSE,FALSE,FALSE,FALSE,FALSE,FALSE,FALSE,,,
,,,,,,,,,,,FALSE,FALSE,FALSE,FALSE,FALSE,FALSE,FALSE,,,
,,,,,,,,,,,FALSE,FALSE,FALSE,FALSE,FALSE,FALSE,FALSE,,,
,,,,,,,,,,,FALSE,FALSE,FALSE,FALSE,FALSE,FALSE,FALSE,,,
,,,,,,,,,,,FALSE,FALSE,FALSE,FALSE,FALSE,FALSE,FALSE,,,
,,,,,,,,,,,FALSE,FALSE,FALSE,FALSE,FALSE,FALSE,FALSE,,,
,,,,,,,,,,,FALSE,FALSE,FALSE,FALSE,FALSE,FALSE,FALSE,,,
,,,,,,,,,,,FALSE,FALSE,FALSE,FALSE,FALSE,FALSE,FALSE,,,
,,,,,,,,,,,FALSE,FALSE,FALSE,FALSE,FALSE,FALSE,FALSE,,,
,,,,,,,,,,,FALSE,FALSE,FALSE,FALSE,FALSE,FALSE,FALSE,,,
,,,,,,,,,,,FALSE,FALSE,FALSE,FALSE,FALSE,FALSE,FALSE,,,
,,,,,,,,,,,FALSE,FALSE,FALSE,FALSE,FALSE,FALSE,FALSE,,,
,,,,,,,,,,,FALSE,FALSE,FALSE,FALSE,FALSE,FALSE,FALSE,,,
,,,,,,,,,,,FALSE,FALSE,FALSE,FALSE,FALSE,FALSE,FALSE,,,
,,,,,,,,,,,FALSE,FALSE,FALSE,FALSE,FALSE,FALSE,FALSE,,,
,,,,,,,,,,,FALSE,FALSE,FALSE,FALSE,FALSE,FALSE,FALSE,,,
,,,,,,,,,,,FALSE,FALSE,FALSE,FALSE,FALSE,FALSE,FALSE,,,
,,,,,,,,,,,FALSE,FALSE,FALSE,FALSE,FALSE,FALSE,FALSE,,,
,,,,,,,,,,,FALSE,FALSE,FALSE,FALSE,FALSE,FALSE,FALSE,,,
,,,,,,,,,,,FALSE,FALSE,FALSE,FALSE,FALSE,FALSE,FALSE,,,
,,,,,,,,,,,FALSE,FALSE,FALSE,FALSE,FALSE,FALSE,FALSE,,,
,,,,,,,,,,,FALSE,FALSE,FALSE,FALSE,FALSE,FALSE,FALSE,,,
,,,,,,,,,,,FALSE,FALSE,FALSE,FALSE,FALSE,FALSE,FALSE,,,
,,,,,,,,,,,FALSE,FALSE,FALSE,FALSE,FALSE,FALSE,FALSE,,,
,,,,,,,,,,,FALSE,FALSE,FALSE,FALSE,FALSE,FALSE,FALSE,,,
,,,,,,,,,,,FALSE,FALSE,FALSE,FALSE,FALSE,FALSE,FALSE,,,
,,,,,,,,,,,FALSE,FALSE,FALSE,FALSE,FALSE,FALSE,FALSE,,,
,,,,,,,,,,,FALSE,FALSE,FALSE,FALSE,FALSE,FALSE,FALSE,,,
,,,,,,,,,,,FALSE,FALSE,FALSE,FALSE,FALSE,FALSE,FALSE,,,
,,,,,,,,,,,FALSE,FALSE,FALSE,FALSE,FALSE,FALSE,FALSE,,,
,,,,,,,,,,,FALSE,FALSE,FALSE,FALSE,FALSE,FALSE,FALSE,,,
,,,,,,,,,,,FALSE,FALSE,FALSE,FALSE,FALSE,FALSE,FALSE,,,
,,,,,,,,,,,FALSE,FALSE,FALSE,FALSE,FALSE,FALSE,FALSE,,,
,,,,,,,,,,,FALSE,FALSE,FALSE,FALSE,FALSE,FALSE,FALSE,,,
,,,,,,,,,,,FALSE,FALSE,FALSE,FALSE,FALSE,FALSE,FALSE,,,
,,,,,,,,,,,FALSE,FALSE,FALSE,FALSE,FALSE,FALSE,FALSE,,,
,,,,,,,,,,,FALSE,FALSE,FALSE,FALSE,FALSE,FALSE,FALSE,,,
,,,,,,,,,,,FALSE,FALSE,FALSE,FALSE,FALSE,FALSE,FALSE,,,
,,,,,,,,,,,FALSE,FALSE,FALSE,FALSE,FALSE,FALSE,FALSE,,,
,,,,,,,,,,,FALSE,FALSE,FALSE,FALSE,FALSE,FALSE,FALSE,,,
,,,,,,,,,,,FALSE,FALSE,FALSE,FALSE,FALSE,FALSE,FALSE,,,
,,,,,,,,,,,FALSE,FALSE,FALSE,FALSE,FALSE,FALSE,FALSE,,,
,,,,,,,,,,,FALSE,FALSE,FALSE,FALSE,FALSE,FALSE,FALSE,,,
,,,,,,,,,,,FALSE,FALSE,FALSE,FALSE,FALSE,FALSE,FALSE,,,
,,,,,,,,,,,FALSE,FALSE,FALSE,FALSE,FALSE,FALSE,FALSE,,,
,,,,,,,,,,,FALSE,FALSE,FALSE,FALSE,FALSE,FALSE,FALSE,,,
,,,,,,,,,,,FALSE,FALSE,FALSE,FALSE,FALSE,FALSE,FALSE,,,
,,,,,,,,,,,FALSE,FALSE,FALSE,FALSE,FALSE,FALSE,FALSE,,,
,,,,,,,,,,,FALSE,FALSE,FALSE,FALSE,FALSE,FALSE,FALSE,,,
,,,,,,,,,,,FALSE,FALSE,FALSE,FALSE,FALSE,FALSE,FALSE,,,
,,,,,,,,,,,FALSE,FALSE,FALSE,FALSE,FALSE,FALSE,FALSE,,,
,,,,,,,,,,,FALSE,FALSE,FALSE,FALSE,FALSE,FALSE,FALSE,,,
,,,,,,,,,,,FALSE,FALSE,FALSE,FALSE,FALSE,FALSE,FALSE,,,
,,,,,,,,,,,FALSE,FALSE,FALSE,FALSE,FALSE,FALSE,FALSE,,,
,,,,,,,,,,,FALSE,FALSE,FALSE,FALSE,FALSE,FALSE,FALSE,,,
,,,,,,,,,,,FALSE,FALSE,FALSE,FALSE,FALSE,FALSE,FALSE,,,
,,,,,,,,,,,FALSE,FALSE,FALSE,FALSE,FALSE,FALSE,FALSE,,,
,,,,,,,,,,,FALSE,FALSE,FALSE,FALSE,FALSE,FALSE,FALSE,,,
,,,,,,,,,,,FALSE,FALSE,FALSE,FALSE,FALSE,FALSE,FALSE,,,
,,,,,,,,,,,FALSE,FALSE,FALSE,FALSE,FALSE,FALSE,FALSE,,,
,,,,,,,,,,,FALSE,FALSE,FALSE,FALSE,FALSE,FALSE,FALSE,,,
,,,,,,,,,,,FALSE,FALSE,FALSE,FALSE,FALSE,FALSE,FALSE,,,
,,,,,,,,,,,FALSE,FALSE,FALSE,FALSE,FALSE,FALSE,FALSE,,,
,,,,,,,,,,,FALSE,FALSE,FALSE,FALSE,FALSE,FALSE,FALSE,,,
,,,,,,,,,,,FALSE,FALSE,FALSE,FALSE,FALSE,FALSE,FALSE,,,
,,,,,,,,,,,FALSE,FALSE,FALSE,FALSE,FALSE,FALSE,FALSE,,,
,,,,,,,,,,,FALSE,FALSE,FALSE,FALSE,FALSE,FALSE,FALSE,,,
,,,,,,,,,,,FALSE,FALSE,FALSE,FALSE,FALSE,FALSE,FALSE,,,
,,,,,,,,,,,FALSE,FALSE,FALSE,FALSE,FALSE,FALSE,FALSE,,,
,,,,,,,,,,,FALSE,FALSE,FALSE,FALSE,FALSE,FALSE,FALSE,,,
,,,,,,,,,,,FALSE,FALSE,FALSE,FALSE,FALSE,FALSE,FALSE,,,
,,,,,,,,,,,FALSE,FALSE,FALSE,FALSE,FALSE,FALSE,FALSE,,,
,,,,,,,,,,,FALSE,FALSE,FALSE,FALSE,FALSE,FALSE,FALSE,,,
,,,,,,,,,,,FALSE,FALSE,FALSE,FALSE,FALSE,FALSE,FALSE,,,
,,,,,,,,,,,FALSE,FALSE,FALSE,FALSE,FALSE,FALSE,FALSE,,,
,,,,,,,,,,,FALSE,FALSE,FALSE,FALSE,FALSE,FALSE,FALSE,,,
,,,,,,,,,,,FALSE,FALSE,FALSE,FALSE,FALSE,FALSE,FALSE,,,
,,,,,,,,,,,FALSE,FALSE,FALSE,FALSE,FALSE,FALSE,FALSE,,,
,,,,,,,,,,,FALSE,FALSE,FALSE,FALSE,FALSE,FALSE,FALSE,,,
,,,,,,,,,,,FALSE,FALSE,FALSE,FALSE,FALSE,FALSE,FALSE,,,
,,,,,,,,,,,FALSE,FALSE,FALSE,FALSE,FALSE,FALSE,FALSE,,,
,,,,,,,,,,,FALSE,FALSE,FALSE,FALSE,FALSE,FALSE,FALSE,,,
,,,,,,,,,,,FALSE,FALSE,FALSE,FALSE,FALSE,FALSE,FALSE,,,
,,,,,,,,,,,FALSE,FALSE,FALSE,FALSE,FALSE,FALSE,FALSE,,,
,,,,,,,,,,,FALSE,FALSE,FALSE,FALSE,FALSE,FALSE,FALSE,,,
,,,,,,,,,,,FALSE,FALSE,FALSE,FALSE,FALSE,FALSE,FALSE,,,
,,,,,,,,,,,FALSE,FALSE,FALSE,FALSE,FALSE,FALSE,FALSE,,,
,,,,,,,,,,,FALSE,FALSE,FALSE,FALSE,FALSE,FALSE,FALSE,,,
,,,,,,,,,,,FALSE,FALSE,FALSE,FALSE,FALSE,FALSE,FALSE,,,
,,,,,,,,,,,FALSE,FALSE,FALSE,FALSE,FALSE,FALSE,FALSE,,,
,,,,,,,,,,,FALSE,FALSE,FALSE,FALSE,FALSE,FALSE,FALSE,,,
,,,,,,,,,,,FALSE,FALSE,FALSE,FALSE,FALSE,FALSE,FALSE,,,
,,,,,,,,,,,FALSE,FALSE,FALSE,FALSE,FALSE,FALSE,FALSE,,,
,,,,,,,,,,,FALSE,FALSE,FALSE,FALSE,FALSE,FALSE,FALSE,,,
,,,,,,,,,,,FALSE,FALSE,FALSE,FALSE,FALSE,FALSE,FALSE,,,
,,,,,,,,,,,FALSE,FALSE,FALSE,FALSE,FALSE,FALSE,FALSE,,,
,,,,,,,,,,,FALSE,FALSE,FALSE,FALSE,FALSE,FALSE,FALSE,,,
,,,,,,,,,,,FALSE,FALSE,FALSE,FALSE,FALSE,FALSE,FALSE,,,
,,,,,,,,,,,FALSE,FALSE,FALSE,FALSE,FALSE,FALSE,FALSE,,,
,,,,,,,,,,,FALSE,FALSE,FALSE,FALSE,FALSE,FALSE,FALSE,,,
,,,,,,,,,,,FALSE,FALSE,FALSE,FALSE,FALSE,FALSE,FALSE,,,
,,,,,,,,,,,FALSE,FALSE,FALSE,FALSE,FALSE,FALSE,FALSE,,,
,,,,,,,,,,,FALSE,FALSE,FALSE,FALSE,FALSE,FALSE,FALSE,,,
,,,,,,,,,,,FALSE,FALSE,FALSE,FALSE,FALSE,FALSE,FALSE,,,
,,,,,,,,,,,FALSE,FALSE,FALSE,FALSE,FALSE,FALSE,FALSE,,,
,,,,,,,,,,,FALSE,FALSE,FALSE,FALSE,FALSE,FALSE,FALSE,,,
,,,,,,,,,,,FALSE,FALSE,FALSE,FALSE,FALSE,FALSE,FALSE,,,
,,,,,,,,,,,FALSE,FALSE,FALSE,FALSE,FALSE,FALSE,FALSE,,,
,,,,,,,,,,,FALSE,FALSE,FALSE,FALSE,FALSE,FALSE,FALSE,,,
,,,,,,,,,,,FALSE,FALSE,FALSE,FALSE,FALSE,FALSE,FALSE,,,
,,,,,,,,,,,FALSE,FALSE,FALSE,FALSE,FALSE,FALSE,FALSE,,,
,,,,,,,,,,,FALSE,FALSE,FALSE,FALSE,FALSE,FALSE,FALSE,,,
,,,,,,,,,,,FALSE,FALSE,FALSE,FALSE,FALSE,FALSE,FALSE,,,
,,,,,,,,,,,FALSE,FALSE,FALSE,FALSE,FALSE,FALSE,FALSE,,,
,,,,,,,,,,,FALSE,FALSE,FALSE,FALSE,FALSE,FALSE,FALSE,,,
,,,,,,,,,,,FALSE,FALSE,FALSE,FALSE,FALSE,FALSE,FALSE,,,
,,,,,,,,,,,FALSE,FALSE,FALSE,FALSE,FALSE,FALSE,FALSE,,,
,,,,,,,,,,,FALSE,FALSE,FALSE,FALSE,FALSE,FALSE,FALSE,,,
,,,,,,,,,,,FALSE,FALSE,FALSE,FALSE,FALSE,FALSE,FALSE,,,
,,,,,,,,,,,FALSE,FALSE,FALSE,FALSE,FALSE,FALSE,FALSE,,,
,,,,,,,,,,,FALSE,FALSE,FALSE,FALSE,FALSE,FALSE,FALSE,,,
,,,,,,,,,,,FALSE,FALSE,FALSE,FALSE,FALSE,FALSE,FALSE,,,
,,,,,,,,,,,FALSE,FALSE,FALSE,FALSE,FALSE,FALSE,FALSE,,,
,,,,,,,,,,,FALSE,FALSE,FALSE,FALSE,FALSE,FALSE,FALSE,,,
,,,,,,,,,,,FALSE,FALSE,FALSE,FALSE,FALSE,FALSE,FALSE,,,
,,,,,,,,,,,FALSE,FALSE,FALSE,FALSE,FALSE,FALSE,FALSE,,,
,,,,,,,,,,,FALSE,FALSE,FALSE,FALSE,FALSE,FALSE,FALSE,,,
,,,,,,,,,,,FALSE,FALSE,FALSE,FALSE,FALSE,FALSE,FALSE,,,
,,,,,,,,,,,FALSE,FALSE,FALSE,FALSE,FALSE,FALSE,FALSE,,,
,,,,,,,,,,,FALSE,FALSE,FALSE,FALSE,FALSE,FALSE,FALSE,,,
,,,,,,,,,,,FALSE,FALSE,FALSE,FALSE,FALSE,FALSE,FALSE,,,
,,,,,,,,,,,FALSE,FALSE,FALSE,FALSE,FALSE,FALSE,FALSE,,,
,,,,,,,,,,,FALSE,FALSE,FALSE,FALSE,FALSE,FALSE,FALSE,,,
,,,,,,,,,,,FALSE,FALSE,FALSE,FALSE,FALSE,FALSE,FALSE,,,
,,,,,,,,,,,FALSE,FALSE,FALSE,FALSE,FALSE,FALSE,FALSE,,,
,,,,,,,,,,,FALSE,FALSE,FALSE,FALSE,FALSE,FALSE,FALSE,,,
,,,,,,,,,,,FALSE,FALSE,FALSE,FALSE,FALSE,FALSE,FALSE,,,
,,,,,,,,,,,FALSE,FALSE,FALSE,FALSE,FALSE,FALSE,FALSE,,,
,,,,,,,,,,,FALSE,FALSE,FALSE,FALSE,FALSE,FALSE,FALSE,,,
,,,,,,,,,,,FALSE,FALSE,FALSE,FALSE,FALSE,FALSE,FALSE,,,
,,,,,,,,,,,FALSE,FALSE,FALSE,FALSE,FALSE,FALSE,FALSE,,,
,,,,,,,,,,,FALSE,FALSE,FALSE,FALSE,FALSE,FALSE,FALSE,,,
,,,,,,,,,,,FALSE,FALSE,FALSE,FALSE,FALSE,FALSE,FALSE,,,
,,,,,,,,,,,FALSE,FALSE,FALSE,FALSE,FALSE,FALSE,FALSE,,,
,,,,,,,,,,,FALSE,FALSE,FALSE,FALSE,FALSE,FALSE,FALSE,,,
,,,,,,,,,,,FALSE,FALSE,FALSE,FALSE,FALSE,FALSE,FALSE,,,
,,,,,,,,,,,FALSE,FALSE,FALSE,FALSE,FALSE,FALSE,FALSE,,,
,,,,,,,,,,,FALSE,FALSE,FALSE,FALSE,FALSE,FALSE,FALSE,,,
,,,,,,,,,,,FALSE,FALSE,FALSE,FALSE,FALSE,FALSE,FALSE,,,
,,,,,,,,,,,FALSE,FALSE,FALSE,FALSE,FALSE,FALSE,FALSE,,,
,,,,,,,,,,,FALSE,FALSE,FALSE,FALSE,FALSE,FALSE,FALSE,,,
,,,,,,,,,,,FALSE,FALSE,FALSE,FALSE,FALSE,FALSE,FALSE,,,
,,,,,,,,,,,FALSE,FALSE,FALSE,FALSE,FALSE,FALSE,FALSE,,,
,,,,,,,,,,,FALSE,FALSE,FALSE,FALSE,FALSE,FALSE,FALSE,,,
,,,,,,,,,,,FALSE,FALSE,FALSE,FALSE,FALSE,FALSE,FALSE,,,
,,,,,,,,,,,FALSE,FALSE,FALSE,FALSE,FALSE,FALSE,FALSE,,,
,,,,,,,,,,,FALSE,FALSE,FALSE,FALSE,FALSE,FALSE,FALSE,,,
,,,,,,,,,,,FALSE,FALSE,FALSE,FALSE,FALSE,FALSE,FALSE,,,
,,,,,,,,,,,FALSE,FALSE,FALSE,FALSE,FALSE,FALSE,FALSE,,,
,,,,,,,,,,,FALSE,FALSE,FALSE,FALSE,FALSE,FALSE,FALSE,,,
,,,,,,,,,,,FALSE,FALSE,FALSE,FALSE,FALSE,FALSE,FALSE,,,
,,,,,,,,,,,FALSE,FALSE,FALSE,FALSE,FALSE,FALSE,FALSE,,,
,,,,,,,,,,,FALSE,FALSE,FALSE,FALSE,FALSE,FALSE,FALSE,,,
,,,,,,,,,,,FALSE,FALSE,FALSE,FALSE,FALSE,FALSE,FALSE,,,
,,,,,,,,,,,FALSE,FALSE,FALSE,FALSE,FALSE,FALSE,FALSE,,,
,,,,,,,,,,,FALSE,FALSE,FALSE,FALSE,FALSE,FALSE,FALSE,,,
,,,,,,,,,,,FALSE,FALSE,FALSE,FALSE,FALSE,FALSE,FALSE,,,
,,,,,,,,,,,FALSE,FALSE,FALSE,FALSE,FALSE,FALSE,FALSE,,,
,,,,,,,,,,,FALSE,FALSE,FALSE,FALSE,FALSE,FALSE,FALSE,,,
,,,,,,,,,,,FALSE,FALSE,FALSE,FALSE,FALSE,FALSE,FALSE,,,
,,,,,,,,,,,FALSE,FALSE,FALSE,FALSE,FALSE,FALSE,FALSE,,,
,,,,,,,,,,,FALSE,FALSE,FALSE,FALSE,FALSE,FALSE,FALSE,,,
,,,,,,,,,,,FALSE,FALSE,FALSE,FALSE,FALSE,FALSE,FALSE,,,
,,,,,,,,,,,FALSE,FALSE,FALSE,FALSE,FALSE,FALSE,FALSE,,,
,,,,,,,,,,,FALSE,FALSE,FALSE,FALSE,FALSE,FALSE,FALSE,,,
,,,,,,,,,,,FALSE,FALSE,FALSE,FALSE,FALSE,FALSE,FALSE,,,
,,,,,,,,,,,FALSE,FALSE,FALSE,FALSE,FALSE,FALSE,FALSE,,,
,,,,,,,,,,,FALSE,FALSE,FALSE,FALSE,FALSE,FALSE,FALSE,,,
,,,,,,,,,,,FALSE,FALSE,FALSE,FALSE,FALSE,FALSE,FALSE,,,
,,,,,,,,,,,FALSE,FALSE,FALSE,FALSE,FALSE,FALSE,FALSE,,,
,,,,,,,,,,,FALSE,FALSE,FALSE,FALSE,FALSE,FALSE,FALSE,,,
,,,,,,,,,,,FALSE,FALSE,FALSE,FALSE,FALSE,FALSE,FALSE,,,
,,,,,,,,,,,FALSE,FALSE,FALSE,FALSE,FALSE,FALSE,FALSE,,,
,,,,,,,,,,,FALSE,FALSE,FALSE,FALSE,FALSE,FALSE,FALSE,,,
,,,,,,,,,,,FALSE,FALSE,FALSE,FALSE,FALSE,FALSE,FALSE,,,
,,,,,,,,,,,FALSE,FALSE,FALSE,FALSE,FALSE,FALSE,FALSE,,,
,,,,,,,,,,,FALSE,FALSE,FALSE,FALSE,FALSE,FALSE,FALSE,,,
,,,,,,,,,,,FALSE,FALSE,FALSE,FALSE,FALSE,FALSE,FALSE,,,
,,,,,,,,,,,FALSE,FALSE,FALSE,FALSE,FALSE,FALSE,FALSE,,,
,,,,,,,,,,,FALSE,FALSE,FALSE,FALSE,FALSE,FALSE,FALSE,,,
,,,,,,,,,,,FALSE,FALSE,FALSE,FALSE,FALSE,FALSE,FALSE,,,
,,,,,,,,,,,FALSE,FALSE,FALSE,FALSE,FALSE,FALSE,FALSE,,,
,,,,,,,,,,,FALSE,FALSE,FALSE,FALSE,FALSE,FALSE,FALSE,,,
,,,,,,,,,,,FALSE,FALSE,FALSE,FALSE,FALSE,FALSE,FALSE,,,
,,,,,,,,,,,FALSE,FALSE,FALSE,FALSE,FALSE,FALSE,FALSE,,,
,,,,,,,,,,,FALSE,FALSE,FALSE,FALSE,FALSE,FALSE,FALSE,,,
,,,,,,,,,,,FALSE,FALSE,FALSE,FALSE,FALSE,FALSE,FALSE,,,
,,,,,,,,,,,FALSE,FALSE,FALSE,FALSE,FALSE,FALSE,FALSE,,,
,,,,,,,,,,,FALSE,FALSE,FALSE,FALSE,FALSE,FALSE,FALSE,,,
,,,,,,,,,,,FALSE,FALSE,FALSE,FALSE,FALSE,FALSE,FALSE,,,
,,,,,,,,,,,FALSE,FALSE,FALSE,FALSE,FALSE,FALSE,FALSE,,,
,,,,,,,,,,,FALSE,FALSE,FALSE,FALSE,FALSE,FALSE,FALSE,,,
,,,,,,,,,,,FALSE,FALSE,FALSE,FALSE,FALSE,FALSE,FALSE,,,
,,,,,,,,,,,FALSE,FALSE,FALSE,FALSE,FALSE,FALSE,FALSE,,,
,,,,,,,,,,,FALSE,FALSE,FALSE,FALSE,FALSE,FALSE,FALSE,,,
,,,,,,,,,,,FALSE,FALSE,FALSE,FALSE,FALSE,FALSE,FALSE,,,
,,,,,,,,,,,FALSE,FALSE,FALSE,FALSE,FALSE,FALSE,FALSE,,,
,,,,,,,,,,,FALSE,FALSE,FALSE,FALSE,FALSE,FALSE,FALSE,,,
,,,,,,,,,,,FALSE,FALSE,FALSE,FALSE,FALSE,FALSE,FALSE,,,
,,,,,,,,,,,FALSE,FALSE,FALSE,FALSE,FALSE,FALSE,FALSE,,,
,,,,,,,,,,,FALSE,FALSE,FALSE,FALSE,FALSE,FALSE,FALSE,,,
,,,,,,,,,,,FALSE,FALSE,FALSE,FALSE,FALSE,FALSE,FALSE,,,
